"title","url","image","creator","creator_url","timestamp","comments_views_and_favourites","categories","source_url","last_updated"
"NO CC - Rustic Familiar House","https://modthesims.info//d/663037/no-cc-rustic-familiar-house.html","https://thumbs2.modthesims2.com/img/1/0/2/5/5/6/5/4/2067328.largethumb.jpg?cb=1639518505","plumbobkingdom","https://modthesims.info//m/10255654","14th Dec 2021 at 10:48pm","4
 7.3k
 18","Lots & Housing
» Residential","https://modthesims.info/downloads/ts4/38/page/1/?showType=1&t=picked&csort=0",2022-01-16
"'Fuvwara' - Fountain Set","https://modthesims.info//d/660759/fuvwara-fountain-set.html","https://thumbs2.modthesims2.com/img/1/0/2/7/2/0/3/0/2051227.largethumb.jpg?cb=1632934458","itskingfalcon","https://modthesims.info//m/10272030","29th Sep 2021 at 6:54pm
, updated 29th Sep 2021 at 4:13pm","20
 14.3k
 61","Decorative
» Miscellaneous","https://modthesims.info/downloads/ts4/38/page/1/?showType=1&t=picked&csort=0",2022-01-16
"Radiant Luxor Skyscraper (1 <U+0421><U+0421>)","https://modthesims.info//d/660406/radiant-luxor-skyscraper-1-<U+0441><U+0441>.html","https://thumbs2.modthesims2.com/img/1/0/2/3/4/0/5/7/2048500.largethumb.jpg?cb=1631755006","PinkCherub","https://modthesims.info//m/10234057","16th Sep 2021 at 3:16am","21
 19.1k
 47","Lots & Housing
» Residential","https://modthesims.info/downloads/ts4/38/page/1/?showType=1&t=picked&csort=0",2022-01-16
"Black Bird Locomotive (No CC)","https://modthesims.info//d/656834/black-bird-locomotive-no-cc.html","https://thumbs2.modthesims2.com/img/1/0/2/3/4/0/5/7/2022272.largethumb.jpg?cb=1622803435","PinkCherub","https://modthesims.info//m/10234057","4th Jun 2021 at 12:43pm","9
 5.9k
 14","Lots & Housing
» Residential","https://modthesims.info/downloads/ts4/38/page/1/?showType=1&t=picked&csort=0",2022-01-16
"Pillow Galore Collection","https://modthesims.info//d/649393/pillow-galore-collection.html","https://thumbs2.modthesims2.com/img/7/3/7/5/8/2/8/1969446.largethumb.jpg?cb=1605039278","simsi45","https://modthesims.info//m/7375828","10th Nov 2020 at 9:14pm","26
 63k
 355","Decorative
» Miscellaneous","https://modthesims.info/downloads/ts4/38/page/1/?showType=1&t=picked&csort=0",2022-01-16
"Dwight Schrute (The Office)","https://modthesims.info//d/649043/dwight-schrute-the-office.html","https://thumbs2.modthesims2.com/img/1/0/0/1/4/6/5/1/1966889.largethumb.jpg?cb=1604315450","yarengunel","https://modthesims.info//m/10014651","2nd Nov 2020 at 12:10pm","14
 12.2k
 43","Sims
» Celebrities & Real People
» Male","https://modthesims.info/downloads/ts4/38/page/1/?showType=1&t=picked&csort=0",2022-01-16
"Cat Whisperer Career","https://modthesims.info//d/648147/cat-whisperer-career.html","https://thumbs2.modthesims2.com/img/1/0/2/3/5/8/4/6/1962188.largethumb.jpg?cb=1602504916","SimplyAnjuta","https://modthesims.info//m/10235846","12th Oct 2020 at 2:15pm
, updated 8th Jan 2021 at 9:50pm","22
 27.2k
 93","Careers
» Pet Career","https://modthesims.info/downloads/ts4/38/page/1/?showType=1&t=picked&csort=0",2022-01-16
"The Sims 4 Eco Kitchen Stuff - Custom Stuff Pack [UPDATED 01/06/21)","https://modthesims.info//d/646477/the-sims-4-eco-kitchen-stuff-custom-stuff-pack-updated-01-06-21.html","https://thumbs2.modthesims2.com/img/8/9/4/8/6/8/5/1951145.largethumb.jpg?cb=1617425064","littledica","https://modthesims.info//m/8948685","3rd Apr 2021 at 6:44am
, updated 1st Jun 2021 at 9:34pm","84
 199.9k
 728","By Room
» Kitchen","https://modthesims.info/downloads/ts4/38/page/1/?showType=1&t=picked&csort=0",2022-01-16
"Item Slot Fixes","https://modthesims.info//d/641029/item-slot-fixes.html","https://thumbs2.modthesims2.com/img/1/0/1/0/7/2/5/0/1919896.largethumb.jpg?cb=1587917708","ignifex","https://modthesims.info//m/10107250","26th Apr 2020 at 6:15pm
, updated 25th Jul 2020 at 7:47pm","19
 48.9k
 239","Game Mods
» Overrides
» More Slot Mods","https://modthesims.info/downloads/ts4/38/page/1/?showType=1&t=picked&csort=0",2022-01-16
"Caigel Garden Sign Collection - Basegame Edition","https://modthesims.info//d/642276/caigel-garden-sign-collection-basegame-edition.html","https://thumbs2.modthesims2.com/img/1/0/2/1/6/6/0/1/1928135.largethumb.jpg?cb=1589695533","Caigel","https://modthesims.info//m/10216601","17th May 2020 at 8:05am
, updated 15th May 2020 at 2:39pm","19
 17.9k
 97","Decorative
» Sculptures","https://modthesims.info/downloads/ts4/38/page/1/?showType=1&t=picked&csort=0",2022-01-16
"The Sims 4 Translator","https://modthesims.info//d/644008/the-sims-4-translator.html","https://thumbs2.modthesims2.com/img/1/0/2/2/4/3/2/0/1938857.largethumb.jpg?cb=1593686580","voky","https://modthesims.info//m/10224320","2nd Jul 2020 at 12:43pm
, updated 7th Dec 2020 at 3:52am","91
 46.5k
 70","Programs and Utilities","https://modthesims.info/downloads/ts4/38/page/1/?showType=1&t=picked&csort=0",2022-01-16
"NO CC - Amazing 64x64 luxury Family Villa","https://modthesims.info//d/641894/no-cc-amazing-64x64-luxury-family-villa.html","https://thumbs2.modthesims2.com/img/9/4/8/3/8/1925380.largethumb.jpg?cb=1589834298","bradybrad7","https://modthesims.info//m/94838","18th May 2020 at 10:38pm","5
 22.2k
 44","Lots & Housing
» Residential","https://modthesims.info/downloads/ts4/38/page/1/?showType=1&t=picked&csort=0",2022-01-16
"Brindleton Manor","https://modthesims.info//d/644255/brindleton-manor.html","https://thumbs2.modthesims2.com/img/2/7/5/9/9/4/6/1940382.largethumb.jpg?cb=1593722569","Mickel","https://modthesims.info//m/2759946","2nd Jul 2020 at 10:42pm","7
 14.9k
 34","Lots & Housing
» Residential","https://modthesims.info/downloads/ts4/38/page/1/?showType=1&t=picked&csort=0",2022-01-16
"16 Potted Houseplants (pt2)","https://modthesims.info//d/644379/16-potted-houseplants-pt2.html","https://thumbs2.modthesims2.com/img/7/3/7/5/8/2/8/1941059.largethumb.jpg?cb=1593884843","simsi45","https://modthesims.info//m/7375828","4th Jul 2020 at 7:47pm
, updated 9th Aug 2020 at 4:45pm","9
 35.7k
 175","Decorative
» Plants","https://modthesims.info/downloads/ts4/38/page/1/?showType=1&t=picked&csort=0",2022-01-16
"Rockford Estate - 6 BR, 6.5 BA","https://modthesims.info//d/637327/rockford-estate-6-br-6-5-ba.html","https://thumbs2.modthesims2.com/img/8/8/8/9/9/8/9/1899812.largethumb.jpg?cb=1579747396","CarlDillynson","https://modthesims.info//m/8889989","23rd Jan 2020 at 3:43am","6
 21.3k
 66","Lots & Housing
» Residential","https://modthesims.info/downloads/ts4/38/page/1/?showType=1&t=picked&csort=0",2022-01-16
"*11/5/21 update* The Sims 4 IKEA Home Stuff (Reward Items)","https://modthesims.info//d/624194/11-5-21-update-the-sims-4-ikea-home-stuff-reward-items.html","https://thumbs2.modthesims2.com/img/7/3/7/5/8/2/8/1827713.largethumb.jpg?cb=1551051010","simsi45","https://modthesims.info//m/7375828","25th Feb 2019 at 12:30am
, updated 11th May 2021 at 6:01pm","42
 128.1k
 557","By Room
» Living","https://modthesims.info/downloads/ts4/38/page/1/?showType=1&t=picked&csort=0",2022-01-16
"Mulholland","https://modthesims.info//d/630819/mulholland.html","https://thumbs2.modthesims2.com/img/9/9/8/1/6/1/9/1862544.largethumb.jpg?cb=1564415502","moleskine","https://modthesims.info//m/9981619","29th Jul 2019 at 5:51pm","11
 23.2k
 44","Lots & Housing
» Residential","https://modthesims.info/downloads/ts4/38/page/1/?showType=1&t=picked&csort=0",2022-01-16
"Fachwerk cottage (No CC)","https://modthesims.info//d/632992/fachwerk-cottage-no-cc.html","https://thumbs2.modthesims2.com/img/1/0/1/4/0/3/1/4/1874213.largethumb.jpg?cb=1568987559","Augustas","https://modthesims.info//m/10140314","20th Sep 2019 at 3:52pm","5
 16.8k
 24","Lots & Housing
» Residential","https://modthesims.info/downloads/ts4/38/page/1/?showType=1&t=picked&csort=0",2022-01-16
"Ackendorf Estate - No Custom Content","https://modthesims.info//d/632768/ackendorf-estate-no-custom-content.html","https://thumbs2.modthesims2.com/img/1/5/5/3/3/0/1873116.largethumb.jpg?cb=1568420554","Christine11778","https://modthesims.info//m/155330","14th Sep 2019 at 2:22am","10
 24.9k
 72","Lots & Housing
» Residential","https://modthesims.info/downloads/ts4/38/page/1/?showType=1&t=picked&csort=0",2022-01-16
"Thelonius","https://modthesims.info//d/632076/thelonius.html","https://thumbs2.modthesims2.com/img/9/9/8/1/6/1/9/1869112.largethumb.jpg?cb=1566836434","moleskine","https://modthesims.info//m/9981619","26th Aug 2019 at 6:20pm","10
 16.4k
 50","Lots & Housing
» Residential","https://modthesims.info/downloads/ts4/38/page/1/?showType=1&t=picked&csort=0",2022-01-16
"Functional solar panels and water heater (Discontinued)","https://modthesims.info//d/631669/functional-solar-panels-and-water-heater-discontinued.html","https://thumbs2.modthesims2.com/img/1/0/0/9/2/1/8/4/1867045.largethumb.jpg?cb=1566218885","Sigma1202","https://modthesims.info//m/10092184","19th Aug 2019 at 2:48pm
, updated 5th Jun 2020 at 11:41pm","193
 80.6k
 487","Game Mods
» Script & Core Mods
» Scripted Objects","https://modthesims.info/downloads/ts4/38/page/2/?showType=1&t=picked&csort=0",2022-01-16
"Archways","https://modthesims.info//d/631426/archways.html","https://thumbs2.modthesims2.com/img/3/7/4/9/6/1/9/1865947.largethumb.jpg?cb=1565548860","AdonisPluto","https://modthesims.info//m/3749619","11th Aug 2019 at 8:41pm
, updated 17th Jan 2021 at 6:44pm","27
 27.7k
 133","Build Mode
» Doors & Windows","https://modthesims.info/downloads/ts4/38/page/2/?showType=1&t=picked&csort=0",2022-01-16
"Modernica - Modern house with covered pool - NO CC","https://modthesims.info//d/627759/modernica-modern-house-with-covered-pool-no-cc.html","https://thumbs2.modthesims2.com/img/9/4/8/3/8/1846696.largethumb.jpg?cb=1558699140","bradybrad7","https://modthesims.info//m/94838","24th May 2019 at 1:59pm","11
 39.4k
 84","Lots & Housing
» Residential","https://modthesims.info/downloads/ts4/38/page/2/?showType=1&t=picked&csort=0",2022-01-16
"Part-time Writer Career [+new branches]","https://modthesims.info//d/627809/part-time-writer-career-new-branches.html","https://thumbs2.modthesims2.com/img/1/0/1/3/8/3/4/2/1847043.largethumb.jpg?cb=1558708810","Arialyx","https://modthesims.info//m/10138342","24th May 2019 at 4:40pm","15
 43.8k
 188","Careers
» EP compatible","https://modthesims.info/downloads/ts4/38/page/2/?showType=1&t=picked&csort=0",2022-01-16
"H&B AquaVortex - Dishwasher","https://modthesims.info//d/624859/h-amp-b-aquavortex-dishwasher.html","https://thumbs2.modthesims2.com/img/8/9/4/8/6/8/5/1831120.largethumb.jpg?cb=1552357104","littledica","https://modthesims.info//m/8948685","12th Mar 2019 at 4:18am
, updated 12th Mar 2019 at 9:59pm","31
 76.1k
 276","Appliances","https://modthesims.info/downloads/ts4/38/page/2/?showType=1&t=picked&csort=0",2022-01-16
"[UPDATED] H&B Portal 2.0 - Expensive Refrigerator","https://modthesims.info//d/617052/updated-h-amp-b-portal-2-0-expensive-refrigerator.html","https://thumbs2.modthesims2.com/img/8/9/4/8/6/8/5/1792293.largethumb.jpg?cb=1534985735","littledica","https://modthesims.info//m/8948685","23rd Aug 2018 at 2:55am
, updated 24th Aug 2018 at 3:19am","40
 118.5k
 274","Appliances","https://modthesims.info/downloads/ts4/38/page/2/?showType=1&t=picked&csort=0",2022-01-16
"UFO Investigator Aspiration Update (Updated 1.52.100 Patch)","https://modthesims.info//d/624374/ufo-investigator-aspiration-update-updated-1-52-100-patch.html","https://thumbs2.modthesims2.com/img/1/0/1/0/6/6/2/6/1828595.largethumb.jpg?cb=1551461156","Itsmysimmod","https://modthesims.info//m/10106626","1st Mar 2019 at 6:25pm
, updated 18th Jul 2019 at 10:02pm","42
 70.9k
 389","Game Mods
» Overrides
» Tuning Mods","https://modthesims.info/downloads/ts4/38/page/2/?showType=1&t=picked&csort=0",2022-01-16
"Conversion fabricbolts TS2 quiltshop","https://modthesims.info//d/624277/conversion-fabricbolts-ts2-quiltshop.html","https://thumbs2.modthesims2.com/img/8/7/2/7/5/1828094.largethumb.jpg?cb=1551203224","Cocomama","https://modthesims.info//m/87275","26th Feb 2019 at 6:47pm
, updated 26th Feb 2019 at 7:53pm","13
 20.6k
 120","Decorative
» Miscellaneous","https://modthesims.info/downloads/ts4/38/page/2/?showType=1&t=picked&csort=0",2022-01-16
"Beach ByWay","https://modthesims.info//d/624159/beach-byway.html","https://thumbs2.modthesims2.com/img/8/3/4/8/6/3/6/1827530.largethumb.jpg?cb=1551040390","valbreizh","https://modthesims.info//m/8348636","24th Feb 2019 at 9:33pm","1
 12.6k
 32","Lots & Housing
» Residential","https://modthesims.info/downloads/ts4/38/page/2/?showType=1&t=picked&csort=0",2022-01-16
"African formal mermaid dress","https://modthesims.info//d/623873/african-formal-mermaid-dress.html","https://thumbs2.modthesims2.com/img/6/2/6/0/9/1825708.largethumb.jpg?cb=1550510400","lilotea","https://modthesims.info//m/62609","18th Feb 2019 at 6:20pm","13
 23.3k
 154","Female
» Formal
» Adult","https://modthesims.info/downloads/ts4/38/page/2/?showType=1&t=picked&csort=0",2022-01-16
"[GAME FIX] Pets can find Pet Stuff on other Floors","https://modthesims.info//d/623699/game-fix-pets-can-find-pet-stuff-on-other-floors.html","https://thumbs2.modthesims2.com/img/1/0/0/2/3/9/5/8/1824617.largethumb.jpg?cb=1550094315","Deathcofi","https://modthesims.info//m/10023958","13th Feb 2019 at 10:45pm","58
 59.3k
 425","Game Mods
» Overrides
» Tuning Mods","https://modthesims.info/downloads/ts4/38/page/2/?showType=1&t=picked&csort=0",2022-01-16
"Modern Hills - No CC","https://modthesims.info//d/620525/modern-hills-no-cc.html","https://thumbs2.modthesims2.com/img/7/7/8/9/5/9/6/1809713.largethumb.jpg?cb=1542993847","govier","https://modthesims.info//m/7789596","23rd Nov 2018 at 6:24pm","7
 34.1k
 51","Lots & Housing
» Residential","https://modthesims.info/downloads/ts4/38/page/2/?showType=1&t=picked&csort=0",2022-01-16
"Sims2-Freetime-sewing for Sims4","https://modthesims.info//d/623802/sims2-freetime-sewing-for-sims4.html","https://thumbs2.modthesims2.com/img/8/7/2/7/5/1825274.largethumb.jpg?cb=1550335638","Cocomama","https://modthesims.info//m/87275","16th Feb 2019 at 5:47pm","16
 31.8k
 142","Surfaces
» Desks","https://modthesims.info/downloads/ts4/38/page/2/?showType=1&t=picked&csort=0",2022-01-16
"Nakara Temple","https://modthesims.info//d/623334/nakara-temple.html","https://thumbs2.modthesims2.com/img/9/8/1/6/0/0/6/1823189.largethumb.jpg?cb=1549173654","Oo_NURSE_oO","https://modthesims.info//m/9816006","3rd Feb 2019 at 7:00am","10
 13.4k
 23","Lots & Housing
» Community","https://modthesims.info/downloads/ts4/38/page/2/?showType=1&t=picked&csort=0",2022-01-16
"Reply to Fan Letters v1.1","https://modthesims.info//d/623191/reply-to-fan-letters-v1-1.html","https://thumbs2.modthesims2.com/img/1/0/1/0/6/6/2/6/1822454.largethumb.jpg?cb=1548947736","Itsmysimmod","https://modthesims.info//m/10106626","31st Jan 2019 at 4:15pm
, updated 9th Aug 2019 at 10:40pm","62
 83.4k
 381","Game Mods
» Overrides
» Tuning Mods","https://modthesims.info/downloads/ts4/38/page/2/?showType=1&t=picked&csort=0",2022-01-16
"Taj Mahal (No CC)","https://modthesims.info//d/623131/taj-mahal-no-cc.html","https://thumbs2.modthesims2.com/img/9/8/1/6/0/0/6/1822317.largethumb.jpg?cb=1548780841","Oo_NURSE_oO","https://modthesims.info//m/9816006","29th Jan 2019 at 5:54pm","10
 13.4k
 25","Lots & Housing
» Residential","https://modthesims.info/downloads/ts4/38/page/2/?showType=1&t=picked&csort=0",2022-01-16
"Le Rêve Luxury Day Spa (NO CC)","https://modthesims.info//d/623007/le-rêve-luxury-day-spa-no-cc.html","https://thumbs2.modthesims2.com/img/1/0/1/2/4/8/1/0/1823010.largethumb.jpg?cb=1548582150","FernSims","https://modthesims.info//m/10124810","27th Jan 2019 at 10:42am","16
 28.5k
 47","Lots & Housing
» Community","https://modthesims.info/downloads/ts4/38/page/2/?showType=1&t=picked&csort=0",2022-01-16
"Ombre Lipstick with shine for Dark skintones","https://modthesims.info//d/622396/ombre-lipstick-with-shine-for-dark-skintones.html","https://thumbs2.modthesims2.com/img/6/2/6/0/9/1818691.largethumb.jpg?cb=1547397569","lilotea","https://modthesims.info//m/62609","13th Jan 2019 at 5:39pm","3
 19.6k
 104","Create-a-Sim
» Makeup
» Lipstick","https://modthesims.info/downloads/ts4/38/page/2/?showType=1&t=picked&csort=0",2022-01-16
"[Updated 9/2020] Ministry of Magic Career","https://modthesims.info//d/622336/updated-9-2020-ministry-of-magic-career.html","https://thumbs2.modthesims2.com/img/1/0/1/2/1/4/9/5/1818324.largethumb.jpg?cb=1547481675","Caelinaarria","https://modthesims.info//m/10121495","14th Jan 2019 at 5:01pm
, updated 3rd Sep 2020 at 9:38pm","71
 83.1k
 332","Careers
» Miscellaneous","https://modthesims.info/downloads/ts4/38/page/2/?showType=1&t=picked&csort=0",2022-01-16
"Ultimate Military Career","https://modthesims.info//d/622467/ultimate-military-career.html","https://thumbs2.modthesims2.com/img/4/9/7/4/1819034.largethumb.jpg?cb=1547416820","asiashamecca","https://modthesims.info//m/4974","13th Jan 2019 at 11:00pm","54
 91.4k
 166","Careers
» EP compatible","https://modthesims.info/downloads/ts4/38/page/2/?showType=1&t=picked&csort=0",2022-01-16
"Temple of Simsikos","https://modthesims.info//d/622392/temple-of-simsikos.html","https://thumbs2.modthesims2.com/img/1/0/1/2/1/3/3/3/1818673.largethumb.jpg?cb=1547397682","Auwburn","https://modthesims.info//m/10121333","13th Jan 2019 at 5:41pm","11
 13.7k
 37","Lots & Housing
» Community","https://modthesims.info/downloads/ts4/38/page/3/?showType=1&t=picked&csort=0",2022-01-16
"Frosties - 31 Lipsticks","https://modthesims.info//d/620666/frosties-31-lipsticks.html","https://thumbs2.modthesims2.com/img/2/6/3/3/2/7/5/1810138.largethumb.jpg?cb=1543186192","Simmiller","https://modthesims.info//m/2633275","25th Nov 2018 at 11:49pm
, updated 16th Jan 2021 at 7:42pm","14
 20.2k
 76","Create-a-Sim
» Makeup
» Lipstick","https://modthesims.info/downloads/ts4/38/page/3/?showType=1&t=picked&csort=0",2022-01-16
"Natural Lipstick with shine for Dark skintones","https://modthesims.info//d/622287/natural-lipstick-with-shine-for-dark-skintones.html","https://thumbs2.modthesims2.com/img/6/2/6/0/9/1818119.largethumb.jpg?cb=1547055923","lilotea","https://modthesims.info//m/62609","9th Jan 2019 at 6:45pm","16
 26.4k
 105","Create-a-Sim
» Makeup
» Lipstick","https://modthesims.info/downloads/ts4/38/page/3/?showType=1&t=picked&csort=0",2022-01-16
"Starlight Studio - no CC","https://modthesims.info//d/622212/starlight-studio-no-cc.html","https://thumbs2.modthesims2.com/img/3/8/0/0/5/3/0/1817654.largethumb.jpg?cb=1546882283","Axaba","https://modthesims.info//m/3800530","7th Jan 2019 at 6:31pm","21
 36.6k
 81","Lots & Housing
» Community","https://modthesims.info/downloads/ts4/38/page/3/?showType=1&t=picked&csort=0",2022-01-16
"School Montalembert Notre Dame","https://modthesims.info//d/622045/school-montalembert-notre-dame.html","https://thumbs2.modthesims2.com/img/3/7/4/4/4/7/0/1816506.largethumb.jpg?cb=1546524526","tsukasa31","https://modthesims.info//m/3744470","3rd Jan 2019 at 3:08pm","8
 29k
 42","Lots & Housing
» Community","https://modthesims.info/downloads/ts4/38/page/3/?showType=1&t=picked&csort=0",2022-01-16
"Bella Venezia - A Complex for everything - Venice in The Sims 4","https://modthesims.info//d/621949/bella-venezia-a-complex-for-everything-venice-in-the-sims-4.html","https://thumbs2.modthesims2.com/img/1/0/1/1/3/5/8/9/1816269.largethumb.jpg?cb=1546367905","SatiSim","https://modthesims.info//m/10113589","1st Jan 2019 at 7:38pm
, updated 1st Jan 2019 at 5:44pm","32
 39.4k
 88","Lots & Housing
» Community","https://modthesims.info/downloads/ts4/38/page/3/?showType=1&t=picked&csort=0",2022-01-16
"Park Four Seasons - No CC","https://modthesims.info//d/614602/park-four-seasons-no-cc.html","https://thumbs2.modthesims2.com/img/3/8/0/0/5/3/0/1781740.largethumb.jpg?cb=1531322409","Axaba","https://modthesims.info//m/3800530","11th Jul 2018 at 5:20pm
, updated 10th Jul 2018 at 7:54pm","67
 59k
 145","Lots & Housing
» Community","https://modthesims.info/downloads/ts4/38/page/3/?showType=1&t=picked&csort=0",2022-01-16
"Modern-ish Seasonal Cabin (noCC)","https://modthesims.info//d/617562/modern-ish-seasonal-cabin-nocc.html","https://thumbs2.modthesims2.com/img/9/9/8/4/3/9/2/1795089.largethumb.jpg?cb=1536052537","arcadialight","https://modthesims.info//m/9984392","4th Sep 2018 at 11:15am","17
 48.6k
 148","Lots & Housing
» Residential","https://modthesims.info/downloads/ts4/38/page/3/?showType=1&t=picked&csort=0",2022-01-16
"Restaurant Isaudy","https://modthesims.info//d/620255/restaurant-isaudy.html","https://thumbs2.modthesims2.com/img/3/7/4/4/4/7/0/1808358.largethumb.jpg?cb=1542309365","tsukasa31","https://modthesims.info//m/3744470","15th Nov 2018 at 8:16pm","8
 18.7k
 38","Lots & Housing
» Community","https://modthesims.info/downloads/ts4/38/page/3/?showType=1&t=picked&csort=0",2022-01-16
"St Pupper Animal Hospital - 30x20 Vet Clinic NO CC","https://modthesims.info//d/621165/st-pupper-animal-hospital-30x20-vet-clinic-no-cc.html","https://thumbs2.modthesims2.com/img/2/1/1/9/4/9/1/1812223.largethumb.jpg?cb=1544543122","Mondrosen","https://modthesims.info//m/2119491","11th Dec 2018 at 4:45pm","8
 31.3k
 83","Lots & Housing
» Community","https://modthesims.info/downloads/ts4/38/page/3/?showType=1&t=picked&csort=0",2022-01-16
"The Double U [NO CC]","https://modthesims.info//d/620693/the-double-u-no-cc.html","https://thumbs2.modthesims2.com/img/7/0/1/4/6/2/4/1810252.largethumb.jpg?cb=1543348956","wouterfan","https://modthesims.info//m/7014624","27th Nov 2018 at 9:02pm","28
 31.3k
 68","Lots & Housing
» Residential","https://modthesims.info/downloads/ts4/38/page/3/?showType=1&t=picked&csort=0",2022-01-16
"Ex Little Corsican Bistro - Apartment building in the style of The Sims 2: Apt. Life","https://modthesims.info//d/620280/ex-little-corsican-bistro-apartment-building-in-the-style-of-the-sims-2-apt-life.html","https://thumbs2.modthesims2.com/img/1/0/1/0/8/3/0/3/1808519.largethumb.jpg?cb=1542407410","kinglauti","https://modthesims.info//m/10108303","16th Nov 2018 at 11:30pm","8
 17.1k
 37","Lots & Housing
» Residential","https://modthesims.info/downloads/ts4/38/page/3/?showType=1&t=picked&csort=0",2022-01-16
"Witchy Brew Cauldron [Updated 20th June 2020 ]","https://modthesims.info//d/619736/witchy-brew-cauldron-updated-20th-june-2020.html","https://thumbs2.modthesims2.com/img/4/5/9/0/9/3/6/1806204.largethumb.jpg?cb=1541015880","icemunmun","https://modthesims.info//m/4590936","31st Oct 2018 at 9:58pm
, updated 20th Jun 2020 at 3:49pm","29
 100.9k
 349","Appliances","https://modthesims.info/downloads/ts4/38/page/3/?showType=1&t=picked&csort=0",2022-01-16
"Animated & Functional Bathroom Stalls","https://modthesims.info//d/619620/animated-amp-functional-bathroom-stalls.html","https://thumbs2.modthesims2.com/img/1/0/0/1/7/7/6/1/1805372.largethumb.jpg?cb=1540823264","simadream","https://modthesims.info//m/10017761","29th Oct 2018 at 4:27pm
, updated 30th Oct 2018 at 1:45am","32
 64.7k
 220","Plumbing","https://modthesims.info/downloads/ts4/38/page/3/?showType=1&t=picked&csort=0",2022-01-16
"Oh My, Granny! - TS3/2 to TS4 underwear","https://modthesims.info//d/618296/oh-my-granny-ts3-2-to-ts4-underwear.html","https://thumbs2.modthesims2.com/img/8/4/9/4/5/9/1/1798737.largethumb.jpg?cb=1537707541","Lyralei","https://modthesims.info//m/8494591","23rd Sep 2018 at 2:59pm","21
 48.8k
 114","Female
» Sleepwear/Underwear
» Adult","https://modthesims.info/downloads/ts4/38/page/3/?showType=1&t=picked&csort=0",2022-01-16
"Kickin' It Wavy Bob Recolours - Seasons","https://modthesims.info//d/617488/kickin-it-wavy-bob-recolours-seasons.html","https://thumbs2.modthesims2.com/img/2/6/3/3/2/7/5/1794699.largethumb.jpg?cb=1535831387","Simmiller","https://modthesims.info//m/2633275","1st Sep 2018 at 9:49pm","10
 38.8k
 46","Hair
» Both Genders","https://modthesims.info/downloads/ts4/38/page/3/?showType=1&t=picked&csort=0",2022-01-16
"Pet Themed Holiday Traditions (Update 17th April 2019)","https://modthesims.info//d/615962/pet-themed-holiday-traditions-update-17th-april-2019.html","https://thumbs2.modthesims2.com/img/4/5/9/0/9/3/6/1787568.largethumb.jpg?cb=1532968901","icemunmun","https://modthesims.info//m/4590936","30th Jul 2018 at 6:41pm
, updated 17th Apr 2019 at 12:13am","34
 86.7k
 305","Game Mods
» Miscellaneous
» Other","https://modthesims.info/downloads/ts4/38/page/3/?showType=1&t=picked&csort=0",2022-01-16
"RK800 Connor Jacket RE-TEXTURED by LadySpira","https://modthesims.info//d/615753/rk800-connor-jacket-re-textured-by-ladyspira.html","https://thumbs2.modthesims2.com/img/6/5/5/4/6/8/3/1786529.largethumb.jpg?cb=1532716859","LadySpira","https://modthesims.info//m/6554683","27th Jul 2018 at 8:40pm
, updated 9th Aug 2018 at 12:10am","27
 52.5k
 94","Male
» Everyday
» Adult","https://modthesims.info/downloads/ts4/38/page/3/?showType=1&t=picked&csort=0",2022-01-16
"4, Privet Drive | Harry Potter builds","https://modthesims.info//d/615195/4-privet-drive-harry-potter-builds.html","https://thumbs2.modthesims2.com/img/7/8/4/6/4/0/0/1977786.largethumb.jpg?cb=1531687067","iSandor","https://modthesims.info//m/7846400","15th Jul 2018 at 10:37pm","26
 49.5k
 93","Lots & Housing
» Residential","https://modthesims.info/downloads/ts4/38/page/3/?showType=1&t=picked&csort=0",2022-01-16
"Dining Patio Set from TS3","https://modthesims.info//d/614205/dining-patio-set-from-ts3.html","https://thumbs2.modthesims2.com/img/6/5/4/3/7/8/1778368.largethumb.jpg?cb=1530124355","TheJim07","https://modthesims.info//m/654378","27th Jun 2018 at 8:32pm
, updated 2nd May 2021 at 12:09pm","33
 58k
 186","By Room
» Outdoor","https://modthesims.info/downloads/ts4/38/page/3/?showType=1&t=picked&csort=0",2022-01-16
"Greenhouse Manor - No CC","https://modthesims.info//d/613932/greenhouse-manor-no-cc.html","https://thumbs2.modthesims2.com/img/4/2/6/4/8/7/1777187.largethumb.jpg?cb=1529712553","Chaosking","https://modthesims.info//m/426487","23rd Jun 2018 at 2:09am","32
 48.3k
 121","Lots & Housing
» Residential","https://modthesims.info/downloads/ts4/38/page/4/?showType=1&t=picked&csort=0",2022-01-16
"Invisible Fence - Updated 19-07-2019","https://modthesims.info//d/613216/invisible-fence-updated-19-07-2019.html","https://thumbs2.modthesims2.com/img/3/7/5/1/1/1/9/1774055.largethumb.jpg?cb=1528467551","Bakie","https://modthesims.info//m/3751119","8th Jun 2018 at 4:19pm
, updated 19th Jul 2019 at 1:59pm","106
 100.4k
 401","Build Mode
» Miscellaneous
» Fences and Gates","https://modthesims.info/downloads/ts4/38/page/4/?showType=1&t=picked&csort=0",2022-01-16
"Grey Warden Trait [UPDATED 11/13/2018]","https://modthesims.info//d/613117/grey-warden-trait-updated-11-13-2018.html","https://thumbs2.modthesims2.com/img/1/0/0/6/1/1/4/6/1773722.largethumb.jpg?cb=1528309904","hayleysimzy","https://modthesims.info//m/10061146","6th Jun 2018 at 8:31pm
, updated 14th Nov 2018 at 3:48am","18
 67.3k
 70","Traits","https://modthesims.info/downloads/ts4/38/page/4/?showType=1&t=picked&csort=0",2022-01-16
"Animated Tranquility Waves","https://modthesims.info//d/612961/animated-tranquility-waves.html","https://thumbs2.modthesims2.com/img/6/8/3/1/0/2/3/1772853.largethumb.jpg?cb=1527979721","Snowhaze","https://modthesims.info//m/6831023","3rd Jun 2018 at 12:48am","13
 45.5k
 77","Build Mode
» Miscellaneous
» Other","https://modthesims.info/downloads/ts4/38/page/4/?showType=1&t=picked&csort=0",2022-01-16
"Snow Palace","https://modthesims.info//d/612647/snow-palace.html","https://thumbs2.modthesims2.com/img/8/7/7/1/4/5/9/1771242.largethumb.jpg?cb=1527634617","catdenny","https://modthesims.info//m/8771459","30th May 2018 at 12:56am","19
 51.4k
 95","Lots & Housing
» Residential","https://modthesims.info/downloads/ts4/38/page/4/?showType=1&t=picked&csort=0",2022-01-16
"Animated Breezy Curtains for Arches and Open Windows","https://modthesims.info//d/612321/animated-breezy-curtains-for-arches-and-open-windows.html","https://thumbs2.modthesims2.com/img/6/8/3/1/0/2/3/1769706.largethumb.jpg?cb=1526783768","Snowhaze","https://modthesims.info//m/6831023","20th May 2018 at 4:36am","13
 36.5k
 68","Decorative
» Curtains","https://modthesims.info/downloads/ts4/38/page/4/?showType=1&t=picked&csort=0",2022-01-16
"Enhanced Butt Slider - updated 6/16/2018, shape morphs added","https://modthesims.info//d/611940/enhanced-butt-slider-updated-6-16-2018-shape-morphs-added.html","https://thumbs2.modthesims2.com/img/3/2/1/6/5/9/6/1784783.largethumb.jpg?cb=1526143271","CmarNYC","https://modthesims.info//m/3216596","12th May 2018 at 6:41pm
, updated 17th Jun 2018 at 1:34am","74
 290.1k
 500","Game Mods
» Miscellaneous
» Sliders","https://modthesims.info/downloads/ts4/38/page/4/?showType=1&t=picked&csort=0",2022-01-16
"SEGA Certified Hedgehogs","https://modthesims.info//d/611130/sega-certified-hedgehogs.html","https://thumbs2.modthesims2.com/img/3/0/9/1/7/4/5/1765067.largethumb.jpg?cb=1524952314","woopa20","https://modthesims.info//m/3091745","28th Apr 2018 at 11:51pm","21
 53.6k
 93","Pet Objects
» Misc.","https://modthesims.info/downloads/ts4/38/page/4/?showType=1&t=picked&csort=0",2022-01-16
"Brilliance Gardens I: Mossy Moss Terrains","https://modthesims.info//d/610789/brilliance-gardens-i-mossy-moss-terrains.html","https://thumbs2.modthesims2.com/img/6/8/3/1/0/2/3/1763320.largethumb.jpg?cb=1524163945","Snowhaze","https://modthesims.info//m/6831023","19th Apr 2018 at 8:52pm","5
 43.6k
 48","Build Mode
» Walls and Floors
» Terrain Paints","https://modthesims.info/downloads/ts4/38/page/4/?showType=1&t=picked&csort=0",2022-01-16
"Redesigned With Style - Movie Hangout Stuff Living Room Items","https://modthesims.info//d/610674/redesigned-with-style-movie-hangout-stuff-living-room-items.html","https://thumbs2.modthesims2.com/img/2/6/3/3/2/7/5/1762934.largethumb.jpg?cb=1523924690","Simmiller","https://modthesims.info//m/2633275","17th Apr 2018 at 2:24am","19
 52.7k
 102","By Room
» Living","https://modthesims.info/downloads/ts4/38/page/4/?showType=1&t=picked&csort=0",2022-01-16
"Airline Employee Career - 6 Career Tracks","https://modthesims.info//d/610544/airline-employee-career-6-career-tracks.html","https://thumbs2.modthesims2.com/img/2/6/3/3/2/7/5/1762372.largethumb.jpg?cb=1523665830","Simmiller","https://modthesims.info//m/2633275","14th Apr 2018 at 2:30am
, updated 21st Jul 2021 at 4:10pm","114
 109.5k
 268","Careers
» EP compatible","https://modthesims.info/downloads/ts4/38/page/4/?showType=1&t=picked&csort=0",2022-01-16
"Jester Lavore - Critical Role Season 2","https://modthesims.info//d/610428/jester-lavore-critical-role-season-2.html","https://thumbs2.modthesims2.com/img/8/8/8/3/0/1/7/1762042.largethumb.jpg?cb=1523546354","Kurosmind","https://modthesims.info//m/8883017","12th Apr 2018 at 5:19pm
, updated 13th Apr 2018 at 1:17am","23
 51.9k
 124","Sims
» Anime, Comic & Gaming Characters
» Female","https://modthesims.info/downloads/ts4/38/page/4/?showType=1&t=picked&csort=0",2022-01-16
"Jungle Rustic Style Outdoor Objects [04/19/20 Updated]","https://modthesims.info//d/609857/jungle-rustic-style-outdoor-objects-04-19-20-updated.html","https://thumbs2.modthesims2.com/img/1/1/2/1/7/2/1759611.largethumb.jpg?cb=1522481936","Serinion","https://modthesims.info//m/112172","31st Mar 2018 at 9:38am
, updated 19th Apr 2020 at 6:33pm","17
 23.7k
 95","By Room
» Outdoor","https://modthesims.info/downloads/ts4/38/page/4/?showType=1&t=picked&csort=0",2022-01-16
"Tropical Manor","https://modthesims.info//d/609762/tropical-manor.html","https://thumbs2.modthesims2.com/img/1/0/0/5/6/8/5/8/1759267.largethumb.jpg?cb=1522666813","rayunemoon","https://modthesims.info//m/10056858","2nd Apr 2018 at 1:00pm","7
 48.7k
 98","Lots & Housing
» Lodging","https://modthesims.info/downloads/ts4/38/page/4/?showType=1&t=picked&csort=0",2022-01-16
"Chester Abrams","https://modthesims.info//d/609715/chester-abrams.html","https://thumbs2.modthesims2.com/img/5/5/6/4/1759059.largethumb.jpg?cb=1522284324","Hellfrozeover","https://modthesims.info//m/5564","29th Mar 2018 at 2:45am","16
 20.6k
 28","Sims
» Other
» Male","https://modthesims.info/downloads/ts4/38/page/4/?showType=1&t=picked&csort=0",2022-01-16
"Isabella ""Izzy"" Puentes","https://modthesims.info//d/609571/isabella-quot-izzy-quot-puentes.html","https://thumbs2.modthesims2.com/img/5/5/6/4/1758581.largethumb.jpg?cb=1522099515","Hellfrozeover","https://modthesims.info//m/5564","26th Mar 2018 at 11:25pm","11
 17.3k
 21","Sims
» Other
» Female","https://modthesims.info/downloads/ts4/38/page/4/?showType=1&t=picked&csort=0",2022-01-16
"La Catarina Restaurant","https://modthesims.info//d/608613/la-catarina-restaurant.html","https://thumbs2.modthesims2.com/img/8/0/3/4/4/2/2/1754131.largethumb.jpg?cb=1520705710","Moscowlyly","https://modthesims.info//m/8034422","10th Mar 2018 at 7:15pm","7
 18.6k
 53","Lots & Housing
» Community","https://modthesims.info/downloads/ts4/38/page/4/?showType=1&t=picked&csort=0",2022-01-16
"Jungle Adventure Minor mods - [Updated 1st July 2018]","https://modthesims.info//d/608188/jungle-adventure-minor-mods-updated-1st-july-2018.html","https://thumbs2.modthesims2.com/img/4/5/9/0/9/3/6/1752046.largethumb.jpg?cb=1519926945","icemunmun","https://modthesims.info//m/4590936","1st Mar 2018 at 6:55pm
, updated 1st Jul 2018 at 1:14am","44
 59.4k
 195","Game Mods
» Overrides
» Tuning Mods","https://modthesims.info/downloads/ts4/38/page/4/?showType=1&t=picked&csort=0",2022-01-16
"True Happiness","https://modthesims.info//d/607682/true-happiness.html","https://thumbs2.modthesims2.com/img/9/7/8/3/7/2/0/1749491.largethumb.jpg?cb=1519299595","roBurky","https://modthesims.info//m/9783720","22nd Feb 2018 at 12:39pm
, updated 19th Jan 2021 at 1:45pm","83
 131.3k
 482","Game Mods
» Miscellaneous
» Other","https://modthesims.info/downloads/ts4/38/page/4/?showType=1&t=picked&csort=0",2022-01-16
"The Summer Home (no CC, 1 bedroom, 1 bathroom)","https://modthesims.info//d/606735/the-summer-home-no-cc-1-bedroom-1-bathroom.html","https://thumbs2.modthesims2.com/img/1/0/0/4/5/9/7/7/1744579.largethumb.jpg?cb=1517696250","richrush","https://modthesims.info//m/10045977","3rd Feb 2018 at 11:17pm","16
 19.6k
 71","Lots & Housing
» Residential","https://modthesims.info/downloads/ts4/38/page/4/?showType=1&t=picked&csort=0",2022-01-16
"The Paris Opera House","https://modthesims.info//d/607169/the-paris-opera-house.html","https://thumbs2.modthesims2.com/img/8/7/7/1/4/5/9/1746873.largethumb.jpg?cb=1518712800","catdenny","https://modthesims.info//m/8771459","15th Feb 2018 at 5:40pm","21
 28.4k
 97","Lots & Housing
» Residential","https://modthesims.info/downloads/ts4/38/page/5/?showType=1&t=picked&csort=0",2022-01-16
"The Sims 4 Random Sim Generator","https://modthesims.info//d/606375/the-sims-4-random-sim-generator.html","https://thumbs2.modthesims2.com/img/6/2/2/4/8/0/0/1742953.largethumb.jpg?cb=1516844054","katrisims","https://modthesims.info//m/6224800","25th Jan 2018 at 2:34am
, updated 8th Dec 2021 at 8:46pm","74
 84.1k
 322","Programs and Utilities","https://modthesims.info/downloads/ts4/38/page/5/?showType=1&t=picked&csort=0",2022-01-16
"Bicolor dress","https://modthesims.info//d/606293/bicolor-dress.html","https://thumbs2.modthesims2.com/img/4/5/8/6/8/8/7/1742592.largethumb.jpg?cb=1516694655","Simalicious","https://modthesims.info//m/4586887","23rd Jan 2018 at 9:04am","8
 22.7k
 85","Female
» Everyday
» Adult","https://modthesims.info/downloads/ts4/38/page/5/?showType=1&t=picked&csort=0",2022-01-16
"Vampire Family Home (NO CC)","https://modthesims.info//d/605818/vampire-family-home-no-cc.html","https://thumbs2.modthesims2.com/img/9/7/0/3/0/6/7/1740842.largethumb.jpg?cb=1515928335","soundrunner04","https://modthesims.info//m/9703067","14th Jan 2018 at 12:12pm","11
 35.2k
 72","Lots & Housing
» Residential","https://modthesims.info/downloads/ts4/38/page/5/?showType=1&t=picked&csort=0",2022-01-16
"H&B Portal - Expensive Refrigerator","https://modthesims.info//d/605139/h-amp-b-portal-expensive-refrigerator.html","https://thumbs2.modthesims2.com/img/8/9/4/8/6/8/5/1738342.largethumb.jpg?cb=1514654289","littledica","https://modthesims.info//m/8948685","30th Dec 2017 at 6:18pm
, updated 31st Dec 2017 at 12:38am","48
 86.4k
 293","Appliances","https://modthesims.info/downloads/ts4/38/page/5/?showType=1&t=picked&csort=0",2022-01-16
"Cotton Candy Machine [Updated 20th June 2020]","https://modthesims.info//d/604589/cotton-candy-machine-updated-20th-june-2020.html","https://thumbs2.modthesims2.com/img/4/5/9/0/9/3/6/1736544.largethumb.jpg?cb=1513619707","icemunmun","https://modthesims.info//m/4590936","18th Dec 2017 at 6:55pm
, updated 1st Nov 2020 at 9:17am","67
 150.3k
 334","Appliances","https://modthesims.info/downloads/ts4/38/page/5/?showType=1&t=picked&csort=0",2022-01-16
"Get To Work Active Career Aspirations (4 in total)","https://modthesims.info//d/604177/get-to-work-active-career-aspirations-4-in-total.html","https://thumbs2.modthesims2.com/img/9/8/6/7/0/8/5/1735265.largethumb.jpg?cb=1513073170","konansock","https://modthesims.info//m/9867085","12th Dec 2017 at 11:06am
, updated 26th May 2020 at 6:49pm","78
 159.2k
 470","Game Mods
» Miscellaneous
» Other","https://modthesims.info/downloads/ts4/38/page/5/?showType=1&t=picked&csort=0",2022-01-16
"Build Your Own Houseboat","https://modthesims.info//d/604133/build-your-own-houseboat.html","https://thumbs2.modthesims2.com/img/6/8/3/1/0/2/3/1734952.largethumb.jpg?cb=1512705678","Snowhaze","https://modthesims.info//m/6831023","8th Dec 2017 at 5:01am","27
 103.7k
 221","Decorative
» Sculptures","https://modthesims.info/downloads/ts4/38/page/5/?showType=1&t=picked&csort=0",2022-01-16
"Joely Sterling","https://modthesims.info//d/599671/joely-sterling.html","https://thumbs2.modthesims2.com/img/5/5/6/4/1717918.largethumb.jpg?cb=1504301645","Hellfrozeover","https://modthesims.info//m/5564","1st Sep 2017 at 11:34pm","7
 21.4k
 37","Sims
» Other
» Female","https://modthesims.info/downloads/ts4/38/page/5/?showType=1&t=picked&csort=0",2022-01-16
"EyeHip - Hipster Eyeglasses","https://modthesims.info//d/603040/eyehip-hipster-eyeglasses.html","https://thumbs2.modthesims2.com/img/3/0/4/8/6/3/9/1731049.largethumb.jpg?cb=1510882175","Brainstrip","https://modthesims.info//m/3048639","17th Nov 2017 at 2:29am
, updated 13th Apr 2020 at 11:30pm","17
 38.1k
 173","Create-a-Sim
» Glasses & Other Accessories","https://modthesims.info/downloads/ts4/38/page/5/?showType=1&t=picked&csort=0",2022-01-16
"Set Filters on Paintings by Reference v4","https://modthesims.info//d/602945/set-filters-on-paintings-by-reference-v4.html","https://thumbs2.modthesims2.com/img/7/4/0/1/8/2/5/1730630.largethumb.jpg?cb=1510551456","scumbumbo","https://modthesims.info//m/7401825","13th Nov 2017 at 6:37am
, updated 18th Apr 2019 at 12:52am","108
 72.5k
 235","Game Mods
» Overrides
» Tuning Mods","https://modthesims.info/downloads/ts4/38/page/5/?showType=1&t=picked&csort=0",2022-01-16
"Self-Configurable Autonomy Mod (SCAMv6)","https://modthesims.info//d/602837/self-configurable-autonomy-mod-scamv6.html","https://thumbs2.modthesims2.com/img/7/4/0/1/8/2/5/1730099.largethumb.jpg?cb=1510363321","scumbumbo","https://modthesims.info//m/7401825","11th Nov 2017 at 2:22am
, updated 16th Apr 2019 at 8:46pm","214
 135.8k
 408","Game Mods
» Script & Core Mods
» Core Mods","https://modthesims.info/downloads/ts4/38/page/5/?showType=1&t=picked&csort=0",2022-01-16
"Fresh Wall Lights","https://modthesims.info//d/602489/fresh-wall-lights.html","https://thumbs2.modthesims2.com/img/6/8/3/1/0/2/3/1728823.largethumb.jpg?cb=1509639347","Snowhaze","https://modthesims.info//m/6831023","2nd Nov 2017 at 6:15pm","14
 25k
 140","Lighting","https://modthesims.info/downloads/ts4/38/page/5/?showType=1&t=picked&csort=0",2022-01-16
"Spooky Cookies - TS4 Edition (Updated - 9.7.2020)","https://modthesims.info//d/602418/spooky-cookies-ts4-edition-updated-9-7-2020.html","https://thumbs2.modthesims2.com/img/4/5/9/0/9/3/6/1728506.largethumb.jpg?cb=1509481855","icemunmun","https://modthesims.info//m/4590936","31st Oct 2017 at 10:30pm
, updated 10th Jul 2020 at 12:48am","24
 82.6k
 219","Game Mods
» Miscellaneous
» Other","https://modthesims.info/downloads/ts4/38/page/5/?showType=1&t=picked&csort=0",2022-01-16
"The Pumpkin Project","https://modthesims.info//d/602331/the-pumpkin-project.html","https://thumbs2.modthesims2.com/img/4/5/9/0/9/3/6/1728166.largethumb.jpg?cb=1509307149","icemunmun","https://modthesims.info//m/4590936","29th Oct 2017 at 9:59pm
, updated 22nd Jul 2021 at 11:06pm","26
 100.6k
 310","Build Mode
» Garden Center","https://modthesims.info/downloads/ts4/38/page/5/?showType=1&t=picked&csort=0",2022-01-16
"Simblreen - Bat Cave + effect","https://modthesims.info//d/602217/simblreen-bat-cave-effect.html","https://thumbs2.modthesims2.com/img/3/7/5/1/1/1/9/1727798.largethumb.jpg?cb=1509127645","Bakie","https://modthesims.info//m/3751119","27th Oct 2017 at 8:07pm","22
 23k
 77","Decorative
» Miscellaneous","https://modthesims.info/downloads/ts4/38/page/5/?showType=1&t=picked&csort=0",2022-01-16
"Zimdorf - A Tudor Village","https://modthesims.info//d/601198/zimdorf-a-tudor-village.html","https://thumbs2.modthesims2.com/img/6/9/7/3/9/2/7/1724643.largethumb.jpg?cb=1507150719","zims33","https://modthesims.info//m/6973927","4th Oct 2017 at 10:58pm","6
 29.3k
 81","Lots & Housing
» Residential","https://modthesims.info/downloads/ts4/38/page/5/?showType=1&t=picked&csort=0",2022-01-16
"Functional candy Dispenser with Edible Candies [Updated 20.06.2020 ] - Spooky Day Update","https://modthesims.info//d/584721/functional-candy-dispenser-with-edible-candies-updated-20-06-2020-spooky-day-update.html","https://thumbs2.modthesims2.com/img/4/5/9/0/9/3/6/1651925.largethumb.jpg?cb=1477080190","icemunmun","https://modthesims.info//m/4590936","21st Oct 2016 at 10:03pm
, updated 20th Jun 2020 at 4:04pm","71
 146.7k
 412","Appliances","https://modthesims.info/downloads/ts4/38/page/5/?showType=1&t=picked&csort=0",2022-01-16
"Serenity Relax Spa - No CC","https://modthesims.info//d/600704/serenity-relax-spa-no-cc.html","https://thumbs2.modthesims2.com/img/9/4/8/3/8/1723933.largethumb.jpg?cb=1506297698","bradybrad7","https://modthesims.info//m/94838","25th Sep 2017 at 2:01am","3
 31.8k
 57","Lots & Housing
» Community","https://modthesims.info/downloads/ts4/38/page/5/?showType=1&t=picked&csort=0",2022-01-16
"Fantasia - 3BR/2BA Vacation Cottage [NO CC]","https://modthesims.info//d/596443/fantasia-3br-2ba-vacation-cottage-no-cc.html","https://thumbs2.modthesims2.com/img/6/9/7/3/9/2/7/1703485.largethumb.jpg?cb=1498481386","zims33","https://modthesims.info//m/6973927","26th Jun 2017 at 2:49pm","9
 20.9k
 56","Lots & Housing
» Residential","https://modthesims.info/downloads/ts4/38/page/5/?showType=1&t=picked&csort=0",2022-01-16
"Castle Stokesay/noCC, GTG needed.","https://modthesims.info//d/599800/castle-stokesay-nocc-gtg-needed.html","https://thumbs2.modthesims2.com/img/9/7/7/8/8/3/7/1718625.largethumb.jpg?cb=1504555246","Velouriah","https://modthesims.info//m/9778837","4th Sep 2017 at 10:00pm","17
 40.1k
 151","Lots & Housing
» Residential","https://modthesims.info/downloads/ts4/38/page/6/?showType=1&t=picked&csort=0",2022-01-16
"Live Drag: Move Objects without Pausing (Updated 6/26)","https://modthesims.info//d/599768/live-drag-move-objects-without-pausing-updated-6-26.html","https://thumbs2.modthesims2.com/img/8/9/9/1/6/3/4/1718451.largethumb.jpg?cb=1504489001","TwistedMexi","https://modthesims.info//m/8991634","4th Sep 2017 at 3:36am
, updated 30th Jun 2018 at 3:52pm","46
 60.9k
 244","Game Mods
» Script & Core Mods
» Pure Scripting Mods","https://modthesims.info/downloads/ts4/38/page/6/?showType=1&t=picked&csort=0",2022-01-16
"Animated Mousehole","https://modthesims.info//d/599665/animated-mousehole.html","https://thumbs2.modthesims2.com/img/3/7/5/1/1/1/9/1717910.largethumb.jpg?cb=1504295283","Bakie","https://modthesims.info//m/3751119","1st Sep 2017 at 9:48pm","17
 25.2k
 75","Decorative
» Wall Hangings","https://modthesims.info/downloads/ts4/38/page/6/?showType=1&t=picked&csort=0",2022-01-16
"[UPDATED] Phone DReplacement - Samsung GALAXY Note8","https://modthesims.info//d/599514/updated-phone-dreplacement-samsung-galaxy-note8.html","https://thumbs2.modthesims2.com/img/8/9/4/8/6/8/5/1717334.largethumb.jpg?cb=1504094206","littledica","https://modthesims.info//m/8948685","30th Aug 2017 at 1:56pm
, updated 26th Nov 2017 at 7:28pm","35
 93.1k
 181","Game Mods
» Overrides
» Other","https://modthesims.info/downloads/ts4/38/page/6/?showType=1&t=picked&csort=0",2022-01-16
"Functional Aqua Pura Water Cooler","https://modthesims.info//d/599551/functional-aqua-pura-water-cooler.html","https://thumbs2.modthesims2.com/img/5/9/3/6/3/1717288.largethumb.jpg?cb=1504030137","Menaceman44","https://modthesims.info//m/59363","29th Aug 2017 at 8:08pm
, updated 10th Sep 2019 at 5:06pm","106
 122.5k
 452","Appliances","https://modthesims.info/downloads/ts4/38/page/6/?showType=1&t=picked&csort=0",2022-01-16
"Christina Fiona Mansion - 4 bedr, 3 bathr","https://modthesims.info//d/599161/christina-fiona-mansion-4-bedr-3-bathr.html","https://thumbs2.modthesims2.com/img/8/4/9/4/5/9/1/1715630.largethumb.jpg?cb=1503257278","Lyralei","https://modthesims.info//m/8494591","20th Aug 2017 at 9:27pm","4
 30.5k
 53","Lots & Housing
» Residential","https://modthesims.info/downloads/ts4/38/page/6/?showType=1&t=picked&csort=0",2022-01-16
"Old Square Market (noCC)","https://modthesims.info//d/597695/old-square-market-nocc.html","https://thumbs2.modthesims2.com/img/7/2/2/7/2/5/0/1708607.largethumb.jpg?cb=1500592562","Oloriell","https://modthesims.info//m/7227250","21st Jul 2017 at 1:16am","40
 37.8k
 162","Lots & Housing
» Community","https://modthesims.info/downloads/ts4/38/page/6/?showType=1&t=picked&csort=0",2022-01-16
"The Cathedral of the Holy Trinity, Dresden - Major Update!","https://modthesims.info//d/597483/the-cathedral-of-the-holy-trinity-dresden-major-update.html","https://thumbs2.modthesims2.com/img/1/5/3/4/0/1/1712861.largethumb.jpg?cb=1500139507","Glouryian","https://modthesims.info//m/153401","15th Jul 2017 at 7:25pm
, updated 4th Aug 2017 at 5:41pm","14
 43k
 83","Lots & Housing
» Community","https://modthesims.info/downloads/ts4/38/page/6/?showType=1&t=picked&csort=0",2022-01-16
"(Kind of) Saree","https://modthesims.info//d/593826/kind-of-saree.html","https://thumbs2.modthesims2.com/img/4/3/3/4/5/1/1/1690173.largethumb.jpg?cb=1493606418","grindingteeth","https://modthesims.info//m/4334511","1st May 2017 at 4:40am
, updated 1st May 2017 at 5:04am","31
 47.2k
 128","Female
» Mixed Sets
» Adult","https://modthesims.info/downloads/ts4/38/page/6/?showType=1&t=picked&csort=0",2022-01-16
"[starter] griselda - 2br / 2ba","https://modthesims.info//d/595288/starter-griselda-2br-2ba.html","https://thumbs2.modthesims2.com/img/3/2/5/5/8/2/2/1697672.largethumb.jpg?cb=1496352370","farfalle","https://modthesims.info//m/3255822","1st Jun 2017 at 11:26pm","16
 30.4k
 126","Lots & Housing
» Residential","https://modthesims.info/downloads/ts4/38/page/6/?showType=1&t=picked&csort=0",2022-01-16
"On the Curve:Circular and Oval Flowerbeds Reborn","https://modthesims.info//d/594079/on-the-curve-circular-and-oval-flowerbeds-reborn.html","https://thumbs2.modthesims2.com/img/6/8/3/1/0/2/3/1691574.largethumb.jpg?cb=1493914772","Snowhaze","https://modthesims.info//m/6831023","4th May 2017 at 6:19pm","25
 65.7k
 188","Decorative
» Sculptures","https://modthesims.info/downloads/ts4/38/page/6/?showType=1&t=picked&csort=0",2022-01-16
"TwistedMexi's Terrain Pack","https://modthesims.info//d/593369/twistedmexi-s-terrain-pack.html","https://thumbs2.modthesims2.com/img/8/9/9/1/6/3/4/1688124.largethumb.jpg?cb=1492498636","TwistedMexi","https://modthesims.info//m/8991634","18th Apr 2017 at 8:57am","61
 69.6k
 280","Build Mode
» Garden Center","https://modthesims.info/downloads/ts4/38/page/6/?showType=1&t=picked&csort=0",2022-01-16
"Modular Pipe Organ 3","https://modthesims.info//d/591516/modular-pipe-organ-3.html","https://thumbs2.modthesims2.com/img/1/2/7/6/8/2/6/1682971.largethumb.jpg?cb=1490205697","Alexander.Chubaty","https://modthesims.info//m/1276826","22nd Mar 2017 at 8:01pm
, updated 22nd Mar 2017 at 7:11pm","15
 42.4k
 74","Hobbies
» Creative","https://modthesims.info/downloads/ts4/38/page/6/?showType=1&t=picked&csort=0",2022-01-16
"Build-a-Shower Kit","https://modthesims.info//d/583934/build-a-shower-kit.html","https://thumbs2.modthesims2.com/img/9/8/6/3/7/2/0/1647793.largethumb.jpg?cb=1475399986","Madhox","https://modthesims.info//m/9863720","2nd Oct 2016 at 11:19am","120
 202.7k
 840","Plumbing","https://modthesims.info/downloads/ts4/38/page/6/?showType=1&t=picked&csort=0",2022-01-16
"Grey Havens. No CC.","https://modthesims.info//d/588834/grey-havens-no-cc.html","https://thumbs2.modthesims2.com/img/9/7/7/8/8/3/7/1670623.largethumb.jpg?cb=1485186385","Velouriah","https://modthesims.info//m/9778837","23rd Jan 2017 at 4:46pm
, updated 23rd Jan 2017 at 10:14pm","21
 37.5k
 176","Lots & Housing
» Community","https://modthesims.info/downloads/ts4/38/page/6/?showType=1&t=picked&csort=0",2022-01-16
"Tropical Drinks","https://modthesims.info//d/588674/tropical-drinks.html","https://thumbs2.modthesims2.com/img/7/0/6/6/4/8/9/1669778.largethumb.jpg?cb=1485037548","ohmysims","https://modthesims.info//m/7066489","21st Jan 2017 at 11:25pm","38
 83.4k
 214","Game Mods
» Miscellaneous
» Other","https://modthesims.info/downloads/ts4/38/page/6/?showType=1&t=picked&csort=0",2022-01-16
"The Dragon's Lair Ride","https://modthesims.info//d/587860/the-dragon-s-lair-ride.html","https://thumbs2.modthesims2.com/img/6/8/3/1/0/2/3/1665403.largethumb.jpg?cb=1483722640","Snowhaze","https://modthesims.info//m/6831023","6th Jan 2017 at 6:10pm","5
 31.9k
 67","Lots & Housing
» Community","https://modthesims.info/downloads/ts4/38/page/6/?showType=1&t=picked&csort=0",2022-01-16
"Simlish Font - Nootrasim","https://modthesims.info//d/584840/simlish-font-nootrasim.html","https://thumbs2.modthesims2.com/img/9/7/9/0/1/4/4/1652511.largethumb.jpg?cb=1477356104","Franzilla","https://modthesims.info//m/9790144","25th Oct 2016 at 2:41am
, updated 25th Oct 2016 at 3:11am","6
 46.4k
 50","Miscellaneous
» Miscellaneous","https://modthesims.info/downloads/ts4/38/page/6/?showType=1&t=picked&csort=0",2022-01-16
"City of the damned","https://modthesims.info//d/584581/city-of-the-damned.html","https://thumbs2.modthesims2.com/img/3/7/5/8/5/4/1/1651277.largethumb.jpg?cb=1476725854","Aya20","https://modthesims.info//m/3758541","17th Oct 2016 at 7:37pm","20
 50.1k
 169","Lots & Housing
» Residential","https://modthesims.info/downloads/ts4/38/page/6/?showType=1&t=picked&csort=0",2022-01-16
"Lt Nyota Uhura - Communications Officer","https://modthesims.info//d/584454/lt-nyota-uhura-communications-officer.html","https://thumbs2.modthesims2.com/img/6/8/3/1/0/2/3/1650811.largethumb.jpg?cb=1476456902","Snowhaze","https://modthesims.info//m/6831023","14th Oct 2016 at 4:55pm","9
 17.1k
 38","Sims
» Sci-Fi
» Female","https://modthesims.info/downloads/ts4/38/page/6/?showType=1&t=picked&csort=0",2022-01-16
"Revenge of the Mummy","https://modthesims.info//d/583425/revenge-of-the-mummy.html","https://thumbs2.modthesims2.com/img/6/8/3/1/0/2/3/1645467.largethumb.jpg?cb=1474927955","Snowhaze","https://modthesims.info//m/6831023","27th Sep 2016 at 12:12am","8
 22.1k
 21","Sims
» Horror / Gothic
» Male","https://modthesims.info/downloads/ts4/38/page/7/?showType=1&t=picked&csort=0",2022-01-16
"Simlish Handwriting Fonts - Part 1","https://modthesims.info//d/582592/simlish-handwriting-fonts-part-1.html","https://thumbs.modthesims.info/getimage.php?file=1641910","Franzilla","https://modthesims.info//m/9790144","3rd Sep 2016 at 9:36pm","11
 48.7k
 99","Miscellaneous
» Miscellaneous","https://modthesims.info/downloads/ts4/38/page/7/?showType=1&t=picked&csort=0",2022-01-16
"Wolfie Werewolf","https://modthesims.info//d/583197/wolfie-werewolf.html","https://thumbs2.modthesims2.com/img/6/8/3/1/0/2/3/1644488.largethumb.jpg?cb=1474161842","Snowhaze","https://modthesims.info//m/6831023","18th Sep 2016 at 3:24am","3
 28.6k
 21","Sims
» Horror / Gothic
» Male","https://modthesims.info/downloads/ts4/38/page/7/?showType=1&t=picked&csort=0",2022-01-16
"Gold Digger Basegame Modern House (NOCC)","https://modthesims.info//d/581456/gold-digger-basegame-modern-house-nocc.html","https://thumbs2.modthesims2.com/img/9/7/9/8/3/3/7/1637558.largethumb.jpg?cb=1470962760","NelcaRed","https://modthesims.info//m/9798337","12th Aug 2016 at 2:46am","10
 53.2k
 141","Lots & Housing
» Residential","https://modthesims.info/downloads/ts4/38/page/7/?showType=1&t=picked&csort=0",2022-01-16
"Autumnal Colonial (Base+CC, 3Bd/3Ba)","https://modthesims.info//d/582744/autumnal-colonial-base-cc-3bd-3ba.html","https://thumbs2.modthesims2.com/img/1/7/2/9/8/8/0/1642453.largethumb.jpg?cb=1473096693","gizky","https://modthesims.info//m/1729880","5th Sep 2016 at 7:31pm","29
 52.3k
 178","Lots & Housing
» Residential","https://modthesims.info/downloads/ts4/38/page/7/?showType=1&t=picked&csort=0",2022-01-16
"S4 CAS Tools - updated to V3.5.3.1 on 9/11/2021","https://modthesims.info//d/582348/s4-cas-tools-updated-to-v3-5-3-1-on-9-11-2021.html","https://thumbs2.modthesims2.com/img/3/2/1/6/5/9/6/1640811.largethumb.jpg?cb=1472414020","CmarNYC","https://modthesims.info//m/3216596","28th Aug 2016 at 9:53pm
, updated 11th Sep 2021 at 6:47pm","421
 216.4k
 415","Programs and Utilities","https://modthesims.info/downloads/ts4/38/page/7/?showType=1&t=picked&csort=0",2022-01-16
"Lucille Ball","https://modthesims.info//d/581412/lucille-ball.html","https://thumbs2.modthesims2.com/img/6/8/3/1/0/2/3/1637405.largethumb.jpg?cb=1470789451","Snowhaze","https://modthesims.info//m/6831023","10th Aug 2016 at 2:37am","20
 25.5k
 77","Sims
» Celebrities & Real People
» Female","https://modthesims.info/downloads/ts4/38/page/7/?showType=1&t=picked&csort=0",2022-01-16
"Octopus Udon","https://modthesims.info//d/579883/octopus-udon.html","https://thumbs2.modthesims2.com/img/7/0/6/6/4/8/9/1631465.largethumb.jpg?cb=1468179437","ohmysims","https://modthesims.info//m/7066489","10th Jul 2016 at 9:37pm
, updated 21st Jan 2017 at 5:42am","45
 100.4k
 355","Game Mods
» Miscellaneous
» Other","https://modthesims.info/downloads/ts4/38/page/7/?showType=1&t=picked&csort=0",2022-01-16
"Elmhurst Manor","https://modthesims.info//d/578094/elmhurst-manor.html","https://thumbs2.modthesims2.com/img/1/0/8/3/3/3/1624859.largethumb.jpg?cb=1465175598","Aibrean","https://modthesims.info//m/108333","6th Jun 2016 at 3:13am","12
 28k
 72","Lots & Housing
» Residential","https://modthesims.info/downloads/ts4/38/page/7/?showType=1&t=picked&csort=0",2022-01-16
"Vielle (Medieval Violin)","https://modthesims.info//d/577185/vielle-medieval-violin.html","https://thumbs2.modthesims2.com/img/3/1/6/9/9/6/3/1621353.largethumb.jpg?cb=1463592383","Esmeralda","https://modthesims.info//m/3169963","18th May 2016 at 7:26pm","22
 62.1k
 177","Hobbies
» Creative","https://modthesims.info/downloads/ts4/38/page/7/?showType=1&t=picked&csort=0",2022-01-16
"Lute (Medieval/Renaissance Guitar)","https://modthesims.info//d/576887/lute-medieval-renaissance-guitar.html","https://thumbs2.modthesims2.com/img/3/1/6/9/9/6/3/1619904.largethumb.jpg?cb=1462970939","Esmeralda","https://modthesims.info//m/3169963","11th May 2016 at 2:48pm
, updated 16th May 2016 at 11:21am","27
 58.9k
 174","Hobbies
» Creative","https://modthesims.info/downloads/ts4/38/page/7/?showType=1&t=picked&csort=0",2022-01-16
"Smarty Pants Science Club (CC Free)","https://modthesims.info//d/572198/smarty-pants-science-club-cc-free.html","https://thumbs2.modthesims2.com/img/9/8/7/9/1/1/1602231.largethumb.jpg?cb=1454965427","luvalphvle","https://modthesims.info//m/987911","8th Feb 2016 at 10:03pm","5
 24.2k
 74","Lots & Housing
» Community","https://modthesims.info/downloads/ts4/38/page/7/?showType=1&t=picked&csort=0",2022-01-16
"Country Craftsman - NO CC","https://modthesims.info//d/576904/country-craftsman-no-cc.html","https://thumbs2.modthesims2.com/img/8/7/3/5/1/8/3/1620007.largethumb.jpg?cb=1463000859","pollycranopolis","https://modthesims.info//m/8735183","11th May 2016 at 11:07pm","20
 33.7k
 131","Lots & Housing
» Residential","https://modthesims.info/downloads/ts4/38/page/7/?showType=1&t=picked&csort=0",2022-01-16
"Mary Margaret(Once Upon a time)_AndrewF","https://modthesims.info//d/576165/mary-margaret-once-upon-a-time-andrewf.html","https://thumbs2.modthesims2.com/img/9/8/1/5/2/6/9/1616971.largethumb.jpg?cb=1461794488","AndrewF","https://modthesims.info//m/9815269","28th Apr 2016 at 12:01am","15
 26.9k
 53","Sims
» Celebrities & Real People
» Female","https://modthesims.info/downloads/ts4/38/page/7/?showType=1&t=picked&csort=0",2022-01-16
"Howl's Flying Home","https://modthesims.info//d/576042/howl-s-flying-home.html","https://thumbs2.modthesims2.com/img/9/4/5/7/3/6/8/1616475.largethumb.jpg?cb=1461624101","jamspanumas","https://modthesims.info//m/9457368","26th Apr 2016 at 12:41am","41
 61.7k
 209","Lots & Housing
» Residential","https://modthesims.info/downloads/ts4/38/page/7/?showType=1&t=picked&csort=0",2022-01-16
"Creole Court Retail Plaza","https://modthesims.info//d/556389/creole-court-retail-plaza.html","https://thumbs2.modthesims2.com/img/2/3/0/9/2/9/5/1535527.largethumb.jpg?cb=1433030033","bubbajoe62","https://modthesims.info//m/2309295","31st May 2015 at 1:53am
, updated 1st Jun 2015 at 9:34am","13
 41.3k
 108","Lots & Housing
» Community","https://modthesims.info/downloads/ts4/38/page/7/?showType=1&t=picked&csort=0",2022-01-16
"Lophiiformes","https://modthesims.info//d/565094/lophiiformes.html","https://thumbs2.modthesims2.com/img/7/9/3/2/7/8/1/1573190.largethumb.jpg?cb=1443664226","Zagy","https://modthesims.info//m/7932781","1st Oct 2015 at 3:50am","14
 33.4k
 116","Lots & Housing
» Residential","https://modthesims.info/downloads/ts4/38/page/7/?showType=1&t=picked&csort=0",2022-01-16
"Fairview - 3BR 2BA, no CC","https://modthesims.info//d/567241/fairview-8210-3br-2ba-no-cc.html","https://thumbs2.modthesims2.com/img/1/7/8/2/8/2/1582247.largethumb.jpg?cb=1447220074","plasticbox","https://modthesims.info//m/178282","11th Nov 2015 at 6:34am","17
 35.1k
 156","Lots & Housing
» Residential","https://modthesims.info/downloads/ts4/38/page/7/?showType=1&t=picked&csort=0",2022-01-16
"Cacao Cabana","https://modthesims.info//d/571996/cacao-cabana.html","https://thumbs2.modthesims2.com/img/2/0/4/4/1/8/1601402.largethumb.jpg?cb=1454727725","The Builder","https://modthesims.info//m/204418","6th Feb 2016 at 4:02am","6
 53.2k
 119","Lots & Housing
» Residential","https://modthesims.info/downloads/ts4/38/page/7/?showType=1&t=picked&csort=0",2022-01-16
"K505 Terrains Replacement - Base Game + Seasons ONLY","https://modthesims.info//d/570125/k505-terrains-replacement-base-game-seasons-only.html","https://thumbs2.modthesims2.com/img/3/9/5/2/7/5/1901690.largethumb.jpg?cb=1452094478","Blackgryffin","https://modthesims.info//m/395275","6th Jan 2016 at 4:34pm
, updated 16th Apr 2020 at 3:43am","218
 115.1k
 436","Game Mods
» Overrides
» Other","https://modthesims.info/downloads/ts4/38/page/7/?showType=1&t=picked&csort=0",2022-01-16
"S.A.M. - Sim Activated Machine","https://modthesims.info//d/573160/s-a-m-sim-activated-machine.html","https://thumbs2.modthesims2.com/img/3/1/6/9/9/6/3/1606066.largethumb.jpg?cb=1456238661","Esmeralda","https://modthesims.info//m/3169963","23rd Feb 2016 at 3:44pm
, updated 22nd Jun 2018 at 5:23pm","54
 71.6k
 117","Sims
» Sci-Fi
» Groups","https://modthesims.info/downloads/ts4/38/page/8/?showType=1&t=picked&csort=0",2022-01-16
"Food Delivery for your Sims! v1.2 - 2/21/2016 Update","https://modthesims.info//d/572855/food-delivery-for-your-sims-v1-2-2-21-2016-update.html","https://thumbs2.modthesims2.com/img/8/4/4/2/6/0/0/1604782.largethumb.jpg?cb=1455823088","simmythesim","https://modthesims.info//m/8442600","18th Feb 2016 at 8:18pm
, updated 21st Feb 2016 at 4:06am","93
 141k
 432","Game Mods
» Overrides
» Other","https://modthesims.info/downloads/ts4/38/page/8/?showType=1&t=picked&csort=0",2022-01-16
"Maylenderton Victorian","https://modthesims.info//d/572947/maylenderton-victorian.html","https://thumbs2.modthesims2.com/img/8/8/8/9/9/8/9/1605097.largethumb.jpg?cb=1455935931","CarlDillynson","https://modthesims.info//m/8889989","20th Feb 2016 at 3:38am","11
 32.6k
 195","Lots & Housing
» Residential","https://modthesims.info/downloads/ts4/38/page/8/?showType=1&t=picked&csort=0",2022-01-16
"Plumbots from TS3: 13 Parts to Mix + Match","https://modthesims.info//d/554364/plumbots-from-ts3-13-parts-to-mix-match.html","https://thumbs2.modthesims2.com/img/3/1/6/9/9/6/3/1526925.largethumb.jpg?cb=1430509866","Esmeralda","https://modthesims.info//m/3169963","1st May 2015 at 9:51pm
, updated 24th Jun 2018 at 11:19am","59
 109k
 238","Both Genders / Unisex
» Mixed Sets
» Adult","https://modthesims.info/downloads/ts4/38/page/8/?showType=1&t=picked&csort=0",2022-01-16
"Regina Mills from ""Once Upon a Time""","https://modthesims.info//d/568636/regina-mills-from-quot-once-upon-a-time-quot.html","https://thumbs2.modthesims2.com/img/8/5/6/5/7/8/1587732.largethumb.jpg?cb=1450037531","luizgofman","https://modthesims.info//m/856578","13th Dec 2015 at 9:12pm","28
 38.7k
 104","Sims
» Celebrities & Real People
» Female","https://modthesims.info/downloads/ts4/38/page/8/?showType=1&t=picked&csort=0",2022-01-16
"Emma Swan from ""Once Upon a Time""","https://modthesims.info//d/568544/emma-swan-from-quot-once-upon-a-time-quot.html","https://thumbs2.modthesims2.com/img/8/5/6/5/7/8/1587456.largethumb.jpg?cb=1449813145","luizgofman","https://modthesims.info//m/856578","11th Dec 2015 at 6:52am
, updated 12th Dec 2015 at 3:11pm","42
 46.8k
 113","Sims
» Celebrities & Real People
» Female","https://modthesims.info/downloads/ts4/38/page/8/?showType=1&t=picked&csort=0",2022-01-16
"Mod Conflict Detector [Update 03/03/2018]","https://modthesims.info//d/561550/mod-conflict-detector-update-03-03-2018.html","https://thumbs2.modthesims2.com/img/9/7/0/9/4/1/7/1701451.largethumb.jpg?cb=1438820628","DmitryMalfatto","https://modthesims.info//m/9709417","6th Aug 2015 at 2:23am
, updated 3rd Mar 2018 at 1:57pm","949
 980.7k
 1.8k","Programs and Utilities","https://modthesims.info/downloads/ts4/38/page/8/?showType=1&t=picked&csort=0",2022-01-16
"Eucalyptus Trees (Yeronga Collection)","https://modthesims.info//d/571265/eucalyptus-trees-yeronga-collection.html","https://thumbs2.modthesims2.com/img/6/0/0/8/5/1597929.largethumb.jpg?cb=1453711568","Beefysim1","https://modthesims.info//m/60085","25th Jan 2016 at 9:46am","23
 60.2k
 155","Build Mode
» Garden Center","https://modthesims.info/downloads/ts4/38/page/8/?showType=1&t=picked&csort=0",2022-01-16
"Old Mill Pub.","https://modthesims.info//d/572138/old-mill-pub.html","https://thumbs2.modthesims2.com/img/8/2/1/1/8/1/9/1601812.largethumb.jpg?cb=1454978276","Mykuska","https://modthesims.info//m/8211819","9th Feb 2016 at 1:37am","7
 39.6k
 70","Lots & Housing
» Community","https://modthesims.info/downloads/ts4/38/page/8/?showType=1&t=picked&csort=0",2022-01-16
"Harvestable Olive Tree","https://modthesims.info//d/571599/harvestable-olive-tree.html","https://thumbs2.modthesims2.com/img/4/5/9/0/9/3/6/1599434.largethumb.jpg?cb=1454376841","icemunmun","https://modthesims.info//m/4590936","2nd Feb 2016 at 2:34am
, updated 22nd Jul 2021 at 10:55pm","71
 138.4k
 376","Build Mode
» Garden Center","https://modthesims.info/downloads/ts4/38/page/8/?showType=1&t=picked&csort=0",2022-01-16
"Colonial Sanders - NO CC","https://modthesims.info//d/569833/colonial-sanders-no-cc.html","https://thumbs2.modthesims2.com/img/8/7/3/5/1/8/3/1592121.largethumb.jpg?cb=1451768752","pollycranopolis","https://modthesims.info//m/8735183","2nd Jan 2016 at 10:05pm","19
 30.1k
 166","Lots & Housing
» Residential","https://modthesims.info/downloads/ts4/38/page/8/?showType=1&t=picked&csort=0",2022-01-16
"Working Alarm Clocks","https://modthesims.info//d/571393/working-alarm-clocks.html","https://thumbs2.modthesims2.com/img/7/4/0/1/8/2/5/1598625.largethumb.jpg?cb=1453921104","scumbumbo","https://modthesims.info//m/7401825","27th Jan 2016 at 7:58pm
, updated 1st Feb 2019 at 7:50am","142
 143.7k
 533","Game Mods
» Miscellaneous
» Other","https://modthesims.info/downloads/ts4/38/page/8/?showType=1&t=picked&csort=0",2022-01-16
"Queenslander Doors (Yeronga Collection)","https://modthesims.info//d/571198/queenslander-doors-yeronga-collection.html","https://thumbs2.modthesims2.com/img/6/0/0/8/5/1597547.largethumb.jpg?cb=1453643164","Beefysim1","https://modthesims.info//m/60085","24th Jan 2016 at 2:46pm","17
 44k
 225","Build Mode
» Doors & Windows","https://modthesims.info/downloads/ts4/38/page/8/?showType=1&t=picked&csort=0",2022-01-16
"Sylvan Glade Province Frog Exchange (no CC)","https://modthesims.info//d/570967/sylvan-glade-province-frog-exchange-no-cc.html","https://thumbs2.modthesims2.com/img/3/0/9/9/3/0/4/1596465.largethumb.jpg?cb=1453343289","Alrunia","https://modthesims.info//m/3099304","21st Jan 2016 at 3:28am","18
 29.7k
 162","Lots & Housing
» Community","https://modthesims.info/downloads/ts4/38/page/8/?showType=1&t=picked&csort=0",2022-01-16
"Church of Saint Circe (2br, 2bath) (no CC)","https://modthesims.info//d/571675/church-of-saint-circe-2br-2bath-no-cc.html","https://thumbs2.modthesims2.com/img/3/0/9/9/3/0/4/1599833.largethumb.jpg?cb=1454277174","Alrunia","https://modthesims.info//m/3099304","31st Jan 2016 at 10:52pm","3
 15.8k
 64","Lots & Housing
» Residential","https://modthesims.info/downloads/ts4/38/page/8/?showType=1&t=picked&csort=0",2022-01-16
"Updated 31/07/2021 15 Hour Active Career Day with better Wages...","https://modthesims.info//d/569844/updated-31-07-2021-15-hour-active-career-day-with-better-wages.html","https://thumbs2.modthesims2.com/img/4/0/8/4/2/6/9/1686277.largethumb.jpg?cb=1452461874","mummy_001","https://modthesims.info//m/4084269","10th Jan 2016 at 10:37pm
, updated 31st Jul 2021 at 9:31am","151
 140.5k
 489","Game Mods
» Overrides
» Tuning Mods","https://modthesims.info/downloads/ts4/38/page/8/?showType=1&t=picked&csort=0",2022-01-16
"Grilled Cheese Aspiration","https://modthesims.info//d/571249/grilled-cheese-aspiration.html","https://thumbs2.modthesims2.com/img/9/7/7/3/3/5/2/MTS_r3m-1597763-icon.jpg?cb=1642334527","r3m","https://modthesims.info//m/9773352","26th Jan 2016 at 1:49am
, updated 31st Jan 2016 at 8:45pm","66
 80.1k
 319","Game Mods
» Miscellaneous
» Other","https://modthesims.info/downloads/ts4/38/page/8/?showType=1&t=picked&csort=0",2022-01-16
"More Columns in CAS v1.9.1 for Legacy Edition","https://modthesims.info//d/558052/more-columns-in-cas-v1-9-1-for-legacy-edition.html","https://thumbs2.modthesims2.com/img/1/6/6/1/0/2/1555923.largethumb.jpg?cb=1435173482","weerbesu","https://modthesims.info//m/166102","24th Jun 2015 at 9:18pm
, updated 21st Jul 2021 at 10:37pm","732
 785.3k
 2.4k","Game Mods
» Overrides
» Other","https://modthesims.info/downloads/ts4/38/page/8/?showType=1&t=picked&csort=0",2022-01-16
"TS4 XML Compare - Version 1.3.21","https://modthesims.info//d/570775/ts4-xml-compare-version-1-3-21.html","https://thumbs2.modthesims2.com/img/7/4/0/1/8/2/5/1595721.largethumb.jpg?cb=1452974146","scumbumbo","https://modthesims.info//m/7401825","16th Jan 2016 at 8:55pm
, updated 7th Jul 2018 at 1:02pm","18
 34.3k
 94","Programs and Utilities","https://modthesims.info/downloads/ts4/38/page/8/?showType=1&t=picked&csort=0",2022-01-16
"Couch Together","https://modthesims.info//d/570647/couch-together.html","https://thumbs2.modthesims2.com/img/2/6/8/2/9/8/3/1595217.largethumb.jpg?cb=1452781690","artrui","https://modthesims.info//m/2682983","14th Jan 2016 at 3:28pm","58
 96.5k
 424","Comfort
» Living Chairs and Recliners","https://modthesims.info/downloads/ts4/38/page/8/?showType=1&t=picked&csort=0",2022-01-16
"TS4 Skininator - Version 2.4, 3/29/2021","https://modthesims.info//d/568474/ts4-skininator-version-2-4-3-29-2021.html","https://thumbs2.modthesims2.com/img/3/2/1/6/5/9/6/1587246.largethumb.jpg?cb=1449613174","CmarNYC","https://modthesims.info//m/3216596","8th Dec 2015 at 11:19pm
, updated 29th Mar 2021 at 4:21pm","309
 149.1k
 383","Programs and Utilities","https://modthesims.info/downloads/ts4/38/page/9/?showType=1&t=picked&csort=0",2022-01-16
"50s Themed Diner","https://modthesims.info//d/568090/50s-themed-diner.html","https://thumbs2.modthesims2.com/img/9/0/2/6/8/4/1585847.largethumb.jpg?cb=1449016835","clw8","https://modthesims.info//m/902684","2nd Dec 2015 at 1:40am","6
 24.5k
 62","Lots & Housing
» Community","https://modthesims.info/downloads/ts4/38/page/9/?showType=1&t=picked&csort=0",2022-01-16
"Little Amsterdam - NoCC - 6 Row House","https://modthesims.info//d/567548/little-amsterdam-nocc-6-row-house.html","https://thumbs2.modthesims2.com/img/3/3/8/8/3/4/1583564.largethumb.jpg?cb=1447800032","una","https://modthesims.info//m/338834","17th Nov 2015 at 11:40pm","6
 29.4k
 82","Lots & Housing
» Residential","https://modthesims.info/downloads/ts4/38/page/9/?showType=1&t=picked&csort=0",2022-01-16
"Rose Valley - NoCC!","https://modthesims.info//d/566587/rose-valley-nocc.html","https://thumbs2.modthesims2.com/img/3/3/8/8/3/4/1579259.largethumb.jpg?cb=1445947188","una","https://modthesims.info//m/338834","27th Oct 2015 at 1:59pm","25
 40k
 167","Lots & Housing
» Residential","https://modthesims.info/downloads/ts4/38/page/9/?showType=1&t=picked&csort=0",2022-01-16
"[Semi®amide] Up's House","https://modthesims.info//d/564535/semi-amide-up-s-house.html","https://thumbs2.modthesims2.com/img/9/7/3/5/0/8/2/1570123.largethumb.jpg?cb=1442622216","TheSimsLoverOurCreation","https://modthesims.info//m/9735082","19th Sep 2015 at 2:23am","8
 28.5k
 86","Lots & Housing
» Residential","https://modthesims.info/downloads/ts4/38/page/9/?showType=1&t=picked&csort=0",2022-01-16
"Servo From TS2 *The first, original conversion. With extra features - wears hats, modified voice","https://modthesims.info//d/542670/servo-from-ts2-the-first-original-conversion-with-extra-features-wears-hats-modified-voice.html","https://thumbs2.modthesims2.com/img/3/1/6/9/9/6/3/1484931.largethumb.jpg?cb=1417461144","Esmeralda","https://modthesims.info//m/3169963","1st Dec 2014 at 8:12pm
, updated 21st Jun 2018 at 6:06pm","65
 67.2k
 162","Sims
» Anime, Comic & Gaming Characters
» Male","https://modthesims.info/downloads/ts4/38/page/9/?showType=1&t=picked&csort=0",2022-01-16
"XML Extractor for The Sims 4","https://modthesims.info//d/563256/xml-extractor-for-the-sims-4.html","https://thumbs2.modthesims2.com/img/7/4/0/1/8/2/5/1564247.largethumb.jpg?cb=1440738939","scumbumbo","https://modthesims.info//m/7401825","28th Aug 2015 at 7:15am
, updated 8th Dec 2018 at 1:51am","115
 88.9k
 160","Programs and Utilities","https://modthesims.info/downloads/ts4/38/page/9/?showType=1&t=picked&csort=0",2022-01-16
"Journey to Orlais: Chateau D`Onterre - updated 2015-08-23","https://modthesims.info//d/562589/journey-to-orlais-chateau-d-onterre-updated-2015-08-23.html","https://thumbs2.modthesims2.com/img/2/6/7/9/6/9/9/1561808.largethumb.jpg?cb=1439916027","klein_svenni","https://modthesims.info//m/2679699","18th Aug 2015 at 6:40pm
, updated 23rd Aug 2015 at 6:02pm","17
 26.3k
 88","Lots & Housing
» Residential","https://modthesims.info/downloads/ts4/38/page/9/?showType=1&t=picked&csort=0",2022-01-16
"Butterfly Fairy Costume","https://modthesims.info//d/565760/butterfly-fairy-costume.html","https://thumbs2.modthesims2.com/img/8/6/1/0/1/1/9/1618954.largethumb.jpg?cb=1444595362","VentusMatt","https://modthesims.info//m/8610119","11th Oct 2015 at 10:29pm
, updated 17th Nov 2017 at 5:55am","23
 25.7k
 136","Female
» Party Wear","https://modthesims.info/downloads/ts4/38/page/9/?showType=1&t=picked&csort=0",2022-01-16
"Mix and Match Kid's Pajamas","https://modthesims.info//d/565277/mix-and-match-kid-s-pajamas.html","https://thumbs2.modthesims2.com/img/7/0/0/3/0/5/1/1573962.largethumb.jpg?cb=1443994326","Amethyst555","https://modthesims.info//m/7003051","4th Oct 2015 at 11:32pm","14
 25.6k
 121","Both Genders / Unisex
» Sleepwear/Underwear
» Child","https://modthesims.info/downloads/ts4/38/page/9/?showType=1&t=picked&csort=0",2022-01-16
"The Small Kingdom in 3rd period (no CC)","https://modthesims.info//d/565013/the-small-kingdom-in-3rd-period-no-cc.html","https://thumbs2.modthesims2.com/img/2/6/8/2/9/8/3/1572365.largethumb.jpg?cb=1443290354","artrui","https://modthesims.info//m/2682983","26th Sep 2015 at 7:59pm","37
 55.7k
 365","Lots & Housing
» Residential","https://modthesims.info/downloads/ts4/38/page/9/?showType=1&t=picked&csort=0",2022-01-16
"Glass Wings - All Ages","https://modthesims.info//d/541205/glass-wings-all-ages.html","https://thumbs2.modthesims2.com/img/3/1/6/9/9/6/3/1479856.largethumb.jpg?cb=1415723388","Esmeralda","https://modthesims.info//m/3169963","11th Nov 2014 at 5:29pm
, updated 22nd Jan 2018 at 6:27pm","102
 113.1k
 403","Create-a-Sim
» Glasses & Other Accessories","https://modthesims.info/downloads/ts4/38/page/9/?showType=1&t=picked&csort=0",2022-01-16
"The Habsburg Tavern -A Taste Of Deutschland- (NO CC)","https://modthesims.info//d/561139/the-habsburg-tavern-a-taste-of-deutschland-no-cc.html","https://thumbs2.modthesims2.com/img/7/5/5/0/9/3/1/1556341.largethumb.jpg?cb=1438386939","Amichan619","https://modthesims.info//m/7550931","1st Aug 2015 at 1:55am","14
 27.8k
 95","Lots & Housing
» Community","https://modthesims.info/downloads/ts4/38/page/9/?showType=1&t=picked&csort=0",2022-01-16
"Seven Dwarfs' Fairyland (no CC)","https://modthesims.info//d/557173/seven-dwarfs-fairyland-no-cc.html","https://thumbs2.modthesims2.com/img/2/6/8/2/9/8/3/1538921.largethumb.jpg?cb=1433980492","artrui","https://modthesims.info//m/2682983","11th Jun 2015 at 1:54am","36
 34.3k
 234","Lots & Housing
» Residential","https://modthesims.info/downloads/ts4/38/page/9/?showType=1&t=picked&csort=0",2022-01-16
"Class Clown Aspiration v4","https://modthesims.info//d/549876/class-clown-aspiration-v4.html","https://thumbs2.modthesims2.com/img/7/4/0/1/8/2/5/1510414.largethumb.jpg?cb=1425449252","scumbumbo","https://modthesims.info//m/7401825","4th Mar 2015 at 7:07am
, updated 18th Apr 2019 at 6:34pm","51
 119.6k
 326","Game Mods
» Miscellaneous
» Other","https://modthesims.info/downloads/ts4/38/page/9/?showType=1&t=picked&csort=0",2022-01-16
"Bon Voyage","https://modthesims.info//d/557207/bon-voyage.html","https://thumbs2.modthesims2.com/img/7/9/3/2/7/8/1/1540028.largethumb.jpg?cb=1434311055","Zagy","https://modthesims.info//m/7932781","14th Jun 2015 at 9:44pm
, updated 14th Jun 2015 at 1:40am","15
 21.9k
 66","Lots & Housing
» Residential","https://modthesims.info/downloads/ts4/38/page/9/?showType=1&t=picked&csort=0",2022-01-16
"Cephalopod","https://modthesims.info//d/558098/cephalopod.html","https://thumbs2.modthesims2.com/img/7/9/3/2/7/8/1/1542586.largethumb.jpg?cb=1435704979","Zagy","https://modthesims.info//m/7932781","1st Jul 2015 at 12:56am","17
 29.5k
 139","Lots & Housing
» Residential","https://modthesims.info/downloads/ts4/38/page/9/?showType=1&t=picked&csort=0",2022-01-16
"Cinema Mod v1.4","https://modthesims.info//d/558716/cinema-mod-v1-4.html","https://thumbs2.modthesims2.com/img/8/4/4/2/6/0/0/1545332.largethumb.jpg?cb=1435733882","simmythesim","https://modthesims.info//m/8442600","1st Jul 2015 at 8:58am
, updated 16th Jul 2015 at 1:41am","136
 213.4k
 496","Game Mods
» Overrides
» Tuning Mods","https://modthesims.info/downloads/ts4/38/page/9/?showType=1&t=picked&csort=0",2022-01-16
"The Ludwig - NO CC","https://modthesims.info//d/560653/the-ludwig-no-cc.html","https://thumbs2.modthesims2.com/img/8/7/3/5/1/8/3/1554159.largethumb.jpg?cb=1437752214","pollycranopolis","https://modthesims.info//m/8735183","24th Jul 2015 at 5:36pm
, updated 22nd Sep 2015 at 10:19pm","25
 23.3k
 206","Lots & Housing
» Residential","https://modthesims.info/downloads/ts4/38/page/9/?showType=1&t=picked&csort=0",2022-01-16
"Get Real -face overlay-","https://modthesims.info//d/539115/get-real-face-overlay.html","https://thumbs2.modthesims2.com/img/2/4/0/4/9/6/9/1473981.largethumb.jpg?cb=1413737260","Vampire_aninyosaloh","https://modthesims.info//m/2404969","19th Oct 2014 at 6:47pm","38
 116.2k
 358","Create-a-Sim
» Makeup
» Special Effects","https://modthesims.info/downloads/ts4/38/page/9/?showType=1&t=picked&csort=0",2022-01-16
"Willow Lake Remastered - NO CC","https://modthesims.info//d/555676/willow-lake-remastered-no-cc.html","https://thumbs2.modthesims2.com/img/8/7/3/5/1/8/3/1682084.largethumb.jpg?cb=1432259079","pollycranopolis","https://modthesims.info//m/8735183","22nd May 2015 at 3:44am
, updated 17th Mar 2017 at 8:22pm","50
 40.7k
 285","Lots & Housing
» Residential","https://modthesims.info/downloads/ts4/38/page/10/?showType=1&t=picked&csort=0",2022-01-16
"UPDATED: Fur Skin Overlay V2","https://modthesims.info//d/557301/updated-fur-skin-overlay-v2.html","https://thumbs2.modthesims2.com/img/1/6/7/2/0/8/1829432.largethumb.jpg?cb=1434590410","EmuMaster2002","https://modthesims.info//m/167208","18th Jun 2015 at 3:20am
, updated 4th Mar 2019 at 1:08am","45
 96.6k
 221","Create-a-Sim
» Skintones","https://modthesims.info/downloads/ts4/38/page/10/?showType=1&t=picked&csort=0",2022-01-16
"Fitness Time","https://modthesims.info//d/556333/fitness-time.html","https://thumbs2.modthesims2.com/img/7/4/6/2/8/3/9/1535289.largethumb.jpg?cb=1432973426","RayanStar","https://modthesims.info//m/7462839","30th May 2015 at 10:10am","11
 24.5k
 63","Lots & Housing
» Community","https://modthesims.info/downloads/ts4/38/page/10/?showType=1&t=picked&csort=0",2022-01-16
"Oakendene - NO CC, 4 bd/3.5 ba","https://modthesims.info//d/546951/oakendene-no-cc-4-bd-3-5-ba.html","https://thumbs2.modthesims2.com/img/8/5/6/9/7/1/7/1500057.largethumb.jpg?cb=1422338631","FakeHousesRealAwesome","https://modthesims.info//m/8569717","27th Jan 2015 at 7:03am","31
 44.7k
 252","Lots & Housing
» Residential","https://modthesims.info/downloads/ts4/38/page/10/?showType=1&t=picked&csort=0",2022-01-16
"Working Medicine Cabinets","https://modthesims.info//d/555994/working-medicine-cabinets.html","https://thumbs2.modthesims2.com/img/7/4/0/1/8/2/5/1533997.largethumb.jpg?cb=1432513320","scumbumbo","https://modthesims.info//m/7401825","25th May 2015 at 2:22am
, updated 22nd Feb 2019 at 1:39am","106
 126.4k
 663","Game Mods
» Overrides
» Tuning Mods","https://modthesims.info/downloads/ts4/38/page/10/?showType=1&t=picked&csort=0",2022-01-16
"Auto-Pause Pregnancy v3","https://modthesims.info//d/548186/auto-pause-pregnancy-v3.html","https://thumbs2.modthesims2.com/img/7/4/0/1/8/2/5/1504800.largethumb.jpg?cb=1423806961","scumbumbo","https://modthesims.info//m/7401825","13th Feb 2015 at 6:56am
, updated 19th Nov 2018 at 4:46am","97
 73.2k
 248","Game Mods
» Script & Core Mods
» Pure Scripting Mods","https://modthesims.info/downloads/ts4/38/page/10/?showType=1&t=picked&csort=0",2022-01-16
"Fire places","https://modthesims.info//d/553828/fire-places.html","https://thumbs2.modthesims2.com/img/3/7/4/9/6/1/9/1524589.largethumb.jpg?cb=1429810111","AdonisPluto","https://modthesims.info//m/3749619","23rd Apr 2015 at 7:28pm
, updated 13th May 2015 at 4:01pm","31
 54.9k
 247","Build Mode
» Miscellaneous
» Fireplaces","https://modthesims.info/downloads/ts4/38/page/10/?showType=1&t=picked&csort=0",2022-01-16
"Time Speed Changer - Change the Game Clock Speed (Updated for Get Together!)","https://modthesims.info//d/533026/time-speed-changer-change-the-game-clock-speed-updated-for-get-together.html","https://thumbs2.modthesims2.com/img/3/2/2/7/5/5/9/1519366.largethumb.jpg?cb=1410129217","IceM","https://modthesims.info//m/3227559","8th Sep 2014 at 12:33am
, updated 6th Apr 2015 at 4:37pm","455
 359.9k
 789","Game Mods
» Script & Core Mods
» Pure Scripting Mods","https://modthesims.info/downloads/ts4/38/page/10/?showType=1&t=picked&csort=0",2022-01-16
"Florence Nightingale's Memorial Hospital","https://modthesims.info//d/553504/florence-nightingale-s-memorial-hospital.html","https://thumbs2.modthesims2.com/img/8/2/1/1/8/1/9/1523620.largethumb.jpg?cb=1429549530","Mykuska","https://modthesims.info//m/8211819","20th Apr 2015 at 7:05pm
, updated 2nd Jun 2015 at 2:34pm","110
 97.2k
 320","Lots & Housing
» Community","https://modthesims.info/downloads/ts4/38/page/10/?showType=1&t=picked&csort=0",2022-01-16
"Various placement edits that make stuff go against walls (and add slots)","https://modthesims.info//d/549858/various-placement-edits-that-make-stuff-go-against-walls-and-add-slots.html","https://thumbs2.modthesims2.com/img/1/7/8/2/8/2/1510349.largethumb.jpg?cb=1425428676","plasticbox","https://modthesims.info//m/178282","4th Mar 2015 at 1:24am
, updated 7th Mar 2015 at 1:14am","64
 109.6k
 670","Game Mods
» Overrides
» More Slot Mods","https://modthesims.info/downloads/ts4/38/page/10/?showType=1&t=picked&csort=0",2022-01-16
"CASIM Keyboard - Now portable!","https://modthesims.info//d/549040/casim-keyboard-now-portable.html","https://thumbs2.modthesims2.com/img/2/4/1/8/9/3/1507717.largethumb.jpg?cb=1424628806","ugly.breath","https://modthesims.info//m/241893","22nd Feb 2015 at 7:13pm
, updated 23rd Feb 2015 at 12:33pm","97
 97.7k
 440","Hobbies
» Creative","https://modthesims.info/downloads/ts4/38/page/10/?showType=1&t=picked&csort=0",2022-01-16
"Operatic Occasion Dress","https://modthesims.info//d/548820/operatic-occasion-dress.html","https://thumbs2.modthesims2.com/img/7/4/8/7/5/6/2/1506706.largethumb.jpg?cb=1424617937","ginnawilson","https://modthesims.info//m/7487562","22nd Feb 2015 at 4:12pm","16
 33.3k
 142","Female
» Formal
» Adult","https://modthesims.info/downloads/ts4/38/page/10/?showType=1&t=picked&csort=0",2022-01-16
"Computer ""Karkulator-80""","https://modthesims.info//d/548396/computer-quot-karkulator-80-quot.html","https://thumbs2.modthesims2.com/img/2/5/7/6/9/0/1505437.largethumb.jpg?cb=1424221758","Stanislav","https://modthesims.info//m/257690","18th Feb 2015 at 2:09am
, updated 11th Feb 2018 at 2:01pm","25
 28.5k
 119","Electronics
» TVs and Computers","https://modthesims.info/downloads/ts4/38/page/10/?showType=1&t=picked&csort=0",2022-01-16
"Stone Forest - no cc","https://modthesims.info//d/548512/stone-forest-no-cc.html","https://thumbs2.modthesims2.com/img/3/3/8/8/3/4/1507391.largethumb.jpg?cb=1424549438","una","https://modthesims.info//m/338834","21st Feb 2015 at 9:10pm","30
 30.3k
 174","Lots & Housing
» Residential","https://modthesims.info/downloads/ts4/38/page/10/?showType=1&t=picked&csort=0",2022-01-16
"SimLotto","https://modthesims.info//d/548444/simlotto.html","https://thumbs2.modthesims2.com/img/7/4/0/1/8/2/5/1505530.largethumb.jpg?cb=1424037368","scumbumbo","https://modthesims.info//m/7401825","15th Feb 2015 at 10:56pm
, updated 15th Nov 2018 at 7:02am","190
 178.4k
 549","Game Mods
» Script & Core Mods
» Scripted Objects","https://modthesims.info/downloads/ts4/38/page/10/?showType=1&t=picked&csort=0",2022-01-16
"Alexander Palace -The Imperial Jewel- (NO CC)","https://modthesims.info//d/548300/alexander-palace-the-imperial-jewel-no-cc.html","https://thumbs2.modthesims2.com/img/7/5/5/0/9/3/1/1505111.largethumb.jpg?cb=1423994365","Amichan619","https://modthesims.info//m/7550931","15th Feb 2015 at 10:59am","26
 47.8k
 154","Lots & Housing
» Residential","https://modthesims.info/downloads/ts4/38/page/10/?showType=1&t=picked&csort=0",2022-01-16
"Mix and Match Bedroom Furniture","https://modthesims.info//d/548231/mix-and-match-bedroom-furniture.html","https://thumbs2.modthesims2.com/img/8/9/1/9/6/2/9/1504926.largethumb.jpg?cb=1423964029","Wee Albet","https://modthesims.info//m/8919629","15th Feb 2015 at 2:33am","36
 41.6k
 234","Miscellaneous
» Miscellaneous","https://modthesims.info/downloads/ts4/38/page/10/?showType=1&t=picked&csort=0",2022-01-16
"Pregnancy Mega Mod v7","https://modthesims.info//d/547232/pregnancy-mega-mod-v7.html","https://thumbs2.modthesims2.com/img/7/4/0/1/8/2/5/1501156.largethumb.jpg?cb=1422669101","scumbumbo","https://modthesims.info//m/7401825","31st Jan 2015 at 2:51am
, updated 15th Nov 2018 at 11:54am","1k
 828.3k
 1.8k","Game Mods
» Script & Core Mods
» Scripted Objects","https://modthesims.info/downloads/ts4/38/page/10/?showType=1&t=picked&csort=0",2022-01-16
"Downton Abbey -Highclere Castle- (NO CC)","https://modthesims.info//d/546896/downton-abbey-highclere-castle-no-cc.html","https://thumbs2.modthesims2.com/img/7/5/5/0/9/3/1/1499779.largethumb.jpg?cb=1422668645","Amichan619","https://modthesims.info//m/7550931","31st Jan 2015 at 2:44am","43
 53.5k
 218","Lots & Housing
» Residential","https://modthesims.info/downloads/ts4/38/page/10/?showType=1&t=picked&csort=0",2022-01-16
"OR World Terrains Replacement","https://modthesims.info//d/546506/or-world-terrains-replacement.html","https://thumbs2.modthesims2.com/img/3/0/6/6/0/8/9/1498433.largethumb.jpg?cb=1421873569","Shimrod101","https://modthesims.info//m/3066089","21st Jan 2015 at 9:52pm","18
 44.7k
 150","Game Mods
» Overrides
» Other","https://modthesims.info/downloads/ts4/38/page/10/?showType=1&t=picked&csort=0",2022-01-16
"Vibrant Braids for Men + Women, Including New Men's Mesh","https://modthesims.info//d/546319/vibrant-braids-for-men-women-including-new-men-s-mesh.html","https://thumbs2.modthesims2.com/img/3/1/6/9/9/6/3/1497789.largethumb.jpg?cb=1421699039","Esmeralda","https://modthesims.info//m/3169963","19th Jan 2015 at 9:23pm","22
 39k
 268","Hair
» Both Genders","https://modthesims.info/downloads/ts4/38/page/11/?showType=1&t=picked&csort=0",2022-01-16
"Irene Adler from BBC Sherlock (Lara Pulver)","https://modthesims.info//d/544218/irene-adler-from-bbc-sherlock-lara-pulver.html","https://thumbs2.modthesims2.com/img/7/3/8/3/4/8/4/1491336.largethumb.jpg?cb=1421022428","Vileda","https://modthesims.info//m/7383484","12th Jan 2015 at 1:27am
, updated 27th Dec 2014 at 7:25am","16
 15.2k
 39","Sims
» Celebrities & Real People
» Female","https://modthesims.info/downloads/ts4/38/page/11/?showType=1&t=picked&csort=0",2022-01-16
"Smarter Baby Care v5","https://modthesims.info//d/545100/smarter-baby-care-v5.html","https://thumbs2.modthesims2.com/img/7/4/0/1/8/2/5/1494084.largethumb.jpg?cb=1420438297","scumbumbo","https://modthesims.info//m/7401825"," 5th Jan 2015 at 7:11am
, updated 30th Aug 2018 at 8:53am","146
 183.8k
 798","Game Mods
» Overrides
» Other","https://modthesims.info/downloads/ts4/38/page/11/?showType=1&t=picked&csort=0",2022-01-16
"Gender Preference Commands","https://modthesims.info//d/543228/gender-preference-commands.html","https://thumbs2.modthesims2.com/img/7/4/0/1/8/2/5/1486942.largethumb.jpg?cb=1418198606","scumbumbo","https://modthesims.info//m/7401825","10th Dec 2014 at 9:03am
, updated 12th Dec 2018 at 6:45am","69
 107.1k
 312","Game Mods
» Script & Core Mods
» Pure Scripting Mods","https://modthesims.info/downloads/ts4/38/page/11/?showType=1&t=picked&csort=0",2022-01-16
"Mermaid loved castle, 2 sizes available","https://modthesims.info//d/543181/mermaid-loved-castle-2-sizes-available.html","https://thumbs2.modthesims2.com/img/2/6/8/2/9/8/3/1486678.largethumb.jpg?cb=1418305423","artrui","https://modthesims.info//m/2682983","11th Dec 2014 at 2:43pm","19
 53.1k
 223","Lots & Housing
» Residential","https://modthesims.info/downloads/ts4/38/page/11/?showType=1&t=picked&csort=0",2022-01-16
"The small kingdom (pool update, and more)","https://modthesims.info//d/542451/the-small-kingdom-pool-update-and-more.html","https://thumbs2.modthesims2.com/img/2/6/8/2/9/8/3/1484262.largethumb.jpg?cb=1417697913","artrui","https://modthesims.info//m/2682983","4th Dec 2014 at 1:58pm","25
 39.5k
 168","Lots & Housing
» Residential","https://modthesims.info/downloads/ts4/38/page/11/?showType=1&t=picked&csort=0",2022-01-16
"Summer Dress","https://modthesims.info//d/541832/summer-dress.html","https://thumbs2.modthesims2.com/img/2/7/2/2/2/6/0/1482047.largethumb.jpg?cb=1416381152","Kiara24","https://modthesims.info//m/2722260","19th Nov 2014 at 8:12am","24
 30.5k
 166","Female
» Mixed Sets
» Child","https://modthesims.info/downloads/ts4/38/page/11/?showType=1&t=picked&csort=0",2022-01-16
"No Deco Foundations","https://modthesims.info//d/541291/no-deco-foundations.html","https://thumbs2.modthesims2.com/img/1/7/8/2/8/2/1480062.largethumb.jpg?cb=1415791624","plasticbox","https://modthesims.info//m/178282","12th Nov 2014 at 12:27pm","18
 45k
 215","Build Mode
» Miscellaneous
» Other","https://modthesims.info/downloads/ts4/38/page/11/?showType=1&t=picked&csort=0",2022-01-16
"Less 'Musical Chairs', No Group Chat (V4 1.15.55)","https://modthesims.info//d/541132/less-musical-chairs-no-group-chat-v4-1-15-55.html","https://thumbs2.modthesims2.com/img/3/0/6/6/0/8/9/1479525.largethumb.jpg?cb=1415651102","Shimrod101","https://modthesims.info//m/3066089","10th Nov 2014 at 9:25pm
, updated 2nd Mar 2016 at 4:54pm","267
 241.7k
 738","Game Mods
» Overrides
» Tuning Mods","https://modthesims.info/downloads/ts4/38/page/11/?showType=1&t=picked&csort=0",2022-01-16
"Modern Easel","https://modthesims.info//d/541501/modern-easel.html","https://thumbs2.modthesims2.com/img/3/6/8/1/7/9/1480771.largethumb.jpg?cb=1416023766","HugeLunatic","https://modthesims.info//m/368179","15th Nov 2014 at 4:56am","57
 60.4k
 310","Hobbies
» Creative","https://modthesims.info/downloads/ts4/38/page/11/?showType=1&t=picked&csort=0",2022-01-16
"TS2 to TS4 - 48 Floor Conversions (Wood)","https://modthesims.info//d/540907/ts2-to-ts4-48-floor-conversions-wood.html","https://thumbs2.modthesims2.com/img/3/0/4/4/1/6/3/1478911.largethumb.jpg?cb=1415455145","Elias943","https://modthesims.info//m/3044163","8th Nov 2014 at 2:59pm","102
 70.4k
 459","Build Mode
» Walls and Floors
» Floor Covering","https://modthesims.info/downloads/ts4/38/page/11/?showType=1&t=picked&csort=0",2022-01-16
"Gender Conversion for teen to elder - no mesh edit - UPDATE (March Patch)","https://modthesims.info//d/538974/gender-conversion-for-teen-to-elder-no-mesh-edit-update-march-patch.html","https://thumbs2.modthesims2.com/img/4/3/1/3/3/1473629.largethumb.jpg?cb=1413658021","oepu","https://modthesims.info//m/43133","18th Oct 2014 at 8:47pm
, updated 1st Apr 2015 at 9:10pm","39
 53.9k
 232","Hair
» Both Genders","https://modthesims.info/downloads/ts4/38/page/11/?showType=1&t=picked&csort=0",2022-01-16
"Fewer Stalkbys | Impatient Stalkbys","https://modthesims.info//d/537366/fewer-stalkbys-impatient-stalkbys.html","https://thumbs2.modthesims2.com/img/1/7/8/2/8/2/1468451.largethumb.jpg?cb=1412377869","plasticbox","https://modthesims.info//m/178282","4th Oct 2014 at 1:11am
, updated 31st Jul 2015 at 5:03pm","96
 93.1k
 322","Game Mods
» Miscellaneous
» Other","https://modthesims.info/downloads/ts4/38/page/11/?showType=1&t=picked&csort=0",2022-01-16
"CaS Modifiers bugfix: Aging & Randomization (update V3)","https://modthesims.info//d/538744/cas-modifiers-bugfix-aging-amp-randomization-update-v3.html","https://thumbs2.modthesims2.com/img/3/0/6/6/0/8/9/1473062.largethumb.jpg?cb=1413468967","Shimrod101","https://modthesims.info//m/3066089","16th Oct 2014 at 4:16pm
, updated 24th Oct 2014 at 4:15pm","148
 155.9k
 415","Game Mods
» Overrides
» Tuning Mods","https://modthesims.info/downloads/ts4/38/page/11/?showType=1&t=picked&csort=0",2022-01-16
"Britney Spears","https://modthesims.info//d/537578/britney-spears.html","https://thumbs2.modthesims2.com/img/2/9/1/1/5/8/7/MTS_Cleos-1469248-Untitled-2.jpg?cb=1642334872","Cleos","https://modthesims.info//m/2911587","10th Oct 2014 at 1:39am
, updated 11th Oct 2014 at 1:55pm","23
 45.6k
 41","Sims
» Celebrities & Real People
» Female","https://modthesims.info/downloads/ts4/38/page/11/?showType=1&t=picked&csort=0",2022-01-16
"Simlish Forest","https://modthesims.info//d/537428/simlish-forest.html","https://thumbs2.modthesims2.com/img/8/3/2/2/7/0/0/1468678.largethumb.jpg?cb=1412816703","Vrain","https://modthesims.info//m/8322700","9th Oct 2014 at 3:05am
, updated 23rd Oct 2014 at 9:15pm","25
 36.5k
 149","Lots & Housing
» Residential","https://modthesims.info/downloads/ts4/38/page/11/?showType=1&t=picked&csort=0",2022-01-16
"C3 Design","https://modthesims.info//d/537594/c3-design.html","https://thumbs2.modthesims2.com/img/2/3/0/9/2/9/5/1469304.largethumb.jpg?cb=1412532017","bubbajoe62","https://modthesims.info//m/2309295","5th Oct 2014 at 8:00pm","28
 64.2k
 195","Lots & Housing
» Residential","https://modthesims.info/downloads/ts4/38/page/11/?showType=1&t=picked&csort=0",2022-01-16
"Live Mode and Tab Mode Camera Mods - No Drift & Lower Level!","https://modthesims.info//d/536953/live-mode-and-tab-mode-camera-mods-no-drift-amp-lower-level.html","https://thumbs2.modthesims2.com/img/6/0/7/5/9/6/9/1467351.largethumb.jpg?cb=1412089721","Buckley","https://modthesims.info//m/6075969","30th Sep 2014 at 5:08pm","111
 280.3k
 739","Game Mods
» Config Mods
» Lighting and Camera Mods","https://modthesims.info/downloads/ts4/38/page/11/?showType=1&t=picked&csort=0",2022-01-16
"[starter] lassen - 3br / 2ba","https://modthesims.info//d/536174/starter-lassen-3br-2ba.html","https://thumbs2.modthesims2.com/img/3/2/5/5/8/2/2/1464659.largethumb.jpg?cb=1411604066","farfalle","https://modthesims.info//m/3255822","25th Sep 2014 at 2:14am","26
 50k
 134","Lots & Housing
» Residential","https://modthesims.info/downloads/ts4/38/page/11/?showType=1&t=picked&csort=0",2022-01-16
"The Angela Skirt","https://modthesims.info//d/535740/the-angela-skirt.html","https://thumbs2.modthesims2.com/img/2/3/9/5/7/8/1463472.largethumb.jpg?cb=1411469054","Sadisticpyro","https://modthesims.info//m/239578","23rd Sep 2014 at 12:44pm","17
 26.6k
 121","Female
» Everyday
» Adult","https://modthesims.info/downloads/ts4/38/page/11/?showType=1&t=picked&csort=0",2022-01-16
"MoveObjects on Cheat","https://modthesims.info//d/535846/moveobjects-on-cheat.html","https://thumbs2.modthesims2.com/img/8/9/9/1/6/3/4/1463687.largethumb.jpg?cb=1411432351","TwistedMexi","https://modthesims.info//m/8991634","23rd Sep 2014 at 2:32am","321
 271.3k
  879","Game Mods
» Script & Core Mods
» Pure Scripting Mods","https://modthesims.info/downloads/ts4/38/page/12/?showType=1&t=picked&csort=0",2022-01-16
"American Flag Tops","https://modthesims.info//d/534053/american-flag-tops.html","https://thumbs2.modthesims2.com/img/9/0/0/9/6/5/6/1458755.largethumb.jpg?cb=1410780742","Macavaty","https://modthesims.info//m/9009656","15th Sep 2014 at 1:32pm","18
 32.8k
 125","Female
» Everyday
» Young Adult","https://modthesims.info/downloads/ts4/38/page/12/?showType=1&t=picked&csort=0",2022-01-16
"[Script Mod] enable advanced debug/cheat interactions","https://modthesims.info//d/532735/script-mod-enable-advanced-debug-cheat-interactions.html","https://thumbs2.modthesims2.com/img/8/9/9/1/3/8/5/MTS_clown-1459535-enabledebugcheats.jpg?cb=1642334910","clown","https://modthesims.info//m/8991385","13th Sep 2014 at 9:19pm
, updated 12th Sep 2014 at 1:22am","825
 613.5k
 1.2k","Game Mods
» Script & Core Mods
» Pure Scripting Mods","https://modthesims.info/downloads/ts4/38/page/12/?showType=1&t=picked&csort=0",2022-01-16
"Villa Capra -An Italian Masterpiece- (NO CC)","https://modthesims.info//d/534138/villa-capra-an-italian-masterpiece-no-cc.html","https://thumbs2.modthesims2.com/img/7/5/5/0/9/3/1/1458947.largethumb.jpg?cb=1410534674","Amichan619","https://modthesims.info//m/7550931","12th Sep 2014 at 5:11pm","38
 56k
 216","Lots & Housing
» Residential","https://modthesims.info/downloads/ts4/38/page/12/?showType=1&t=picked&csort=0",2022-01-16
"Sofia - traditional Finnish house","https://modthesims.info//d/534009/sofia-traditional-finnish-house.html","https://thumbs2.modthesims2.com/img/1/8/4/4/9/5/9/1458631.largethumb.jpg?cb=1410533564","BaronessTrash","https://modthesims.info//m/1844959","12th Sep 2014 at 4:52pm","30
 46.5k
 297","Lots & Housing
» Residential","https://modthesims.info/downloads/ts4/38/page/12/?showType=1&t=picked&csort=0",2022-01-16
"Floored Glass - small modern Starter Residence","https://modthesims.info//d/533701/floored-glass-small-modern-starter-residence.html","https://thumbs2.modthesims2.com/img/9/0/0/3/6/0/8/1457592.largethumb.jpg?cb=1410309888","jingols","https://modthesims.info//m/9003608","10th Sep 2014 at 2:44am","21
 52.8k
 160","Lots & Housing
» Residential","https://modthesims.info/downloads/ts4/38/page/12/?showType=1&t=picked&csort=0",2022-01-16
